"Reporting starts","Reporting ends","Ad set name",Age,"Ad set delivery","Ad set budget","Ad set budget type","Amount spent (USD)",Reach,Impressions,Frequency,"Link clicks","CTR (link click-through rate)","CPC (cost per link click) (USD)","CPM (cost per 1,000 impressions) (USD)","Instagram profile visits","Instagram follows","IG Follow Rate","Cost Per Follow (CPF)"
2026-07-01,2026-09-30,"Existing Posts (Lookalike 1%+Retailers+Cooking)",18-24,active,75,Daily,347.57,21249,30876,1.453057,1759,5.696981,0.197595,11.256963,2589,104,0.04016995,3.34201923
2026-07-01,2026-09-30,"Audience Test (Parents + Cooking)",18-24,inactive,50,Daily,13.1,5031,5924,1.1775,3,0.050641,4.366667,2.211344,1,0,0,0
2026-07-01,2026-09-30,"Whole Foods Evergreen Campaign",18-24,inactive,50,Daily,28.08,11215,11499,1.025323,18,0.156535,1.56,2.441951,1,0,0,0
2026-07-01,2026-09-30,"Target Evergreen Campaign",18-24,inactive,50,Daily,21.35,8946,9274,1.036664,15,0.161743,1.423333,2.302135,0,0,0,0
2026-07-01,2026-09-30,"Joe Audience Test",18-24,inactive,50,Daily,33.29,3031,3892,1.284065,134,3.44296,0.248433,8.553443,136,11,0.08088235,3.02636364
2026-07-01,2026-09-30,"OnKatiesPlate Creative Test",18-24,inactive,50,Daily,48.99,3682,5683,1.543455,271,4.768608,0.180775,8.620447,266,6,0.02255639,8.165
2026-07-01,2026-09-30,"Audience Test (Young Millennials)",18-24,inactive,50,Daily,524.21,102875,192211,1.868394,18,0.009365,29.122778,2.727263,35,0,0,0
2026-07-01,2026-09-30,"Whole Foods Evergreen Campaign",18-24,inactive,50,Daily,16.2,1782,2260,1.268238,71,3.141593,0.228169,7.168142,11,0,0,0
2026-07-01,2026-09-30,"Target Evergreen Campaign",18-24,active,50,Daily,126.96,14788,20766,1.404247,474,2.282577,0.267848,6.11384,59,0,0,0
2026-07-01,2026-09-30,"Whole Foods Zip Codes Test",18-24,inactive,50,Daily,15.32,1984,2237,1.12752,54,2.413947,0.283704,6.848458,7,0,0,0
2026-07-01,2026-09-30,"Existing Posts (Broad + 24-64)",18-24,active,75,Daily,119.01,10836,12401,1.144426,606,4.886703,0.196386,9.596807,645,36,0.05581395,3.30583333
2026-07-01,2026-09-30,"September Whole Foods Promo",18-24,inactive,50,Daily,4.72,1897,2081,1.096995,2,0.096108,2.36,2.26814,0,0,0,0
2026-07-01,2026-09-30,"September Meijer Promo",18-24,inactive,50,Daily,1.2,463,515,1.112311,1,0.194175,1.2,2.330097,0,0,0,0
2026-07-01,2026-09-30,"Existing Posts (Lookalike 1%+Retailers+Cooking)",25-34,active,75,Daily,1146.59,56853,85392,1.501979,4918,5.759322,0.233142,13.42737,5249,521,0.099257,2.20074856
2026-07-01,2026-09-30,"Audience Test (Parents + Cooking)",25-34,inactive,50,Daily,136.16,64508,73664,1.141936,134,0.181907,1.016119,1.848393,14,0,0,0
2026-07-01,2026-09-30,"Whole Foods Evergreen Campaign",25-34,inactive,50,Daily,165.64,80277,82839,1.031915,133,0.160552,1.245414,1.999541,5,0,0,0
2026-07-01,2026-09-30,"Target Evergreen Campaign",25-34,inactive,50,Daily,167.81,82533,92319,1.118571,144,0.155981,1.165347,1.817719,2,0,0,0
2026-07-01,2026-09-30,"Joe Audience Test",25-34,inactive,50,Daily,143.3,11963,15956,1.333779,871,5.458762,0.164524,8.980948,859,48,0.05587893,2.98541667
2026-07-01,2026-09-30,"OnKatiesPlate Creative Test",25-34,inactive,50,Daily,198.07,15414,22490,1.459063,1080,4.802134,0.183398,8.807025,1073,20,0.01863933,9.9035
2026-07-01,2026-09-30,"Audience Test (Young Millennials)",25-34,inactive,50,Daily,407.99,121202,176710,1.457979,127,0.071869,3.21252,2.308811,30,0,0,0
2026-07-01,2026-09-30,"Whole Foods Evergreen Campaign",25-34,inactive,50,Daily,77.66,7778,10234,1.315762,392,3.830369,0.198112,7.588431,85,0,0,0
2026-07-01,2026-09-30,"Target Evergreen Campaign",25-34,active,50,Daily,172.51,20429,26269,1.285868,635,2.417298,0.271669,6.567056,110,1,0.00909091,172.51
2026-07-01,2026-09-30,"Whole Foods Zip Codes Test",25-34,inactive,50,Daily,50.17,8671,9330,1.076,192,2.057878,0.261302,5.377278,4,0,0,0
2026-07-01,2026-09-30,"Existing Posts (Broad + 24-64)",25-34,active,75,Daily,462.22,32952,39729,1.205663,1921,4.835259,0.240614,11.634323,1892,215,0.11363636,2.14986047
2026-07-01,2026-09-30,"September Whole Foods Promo",25-34,inactive,50,Daily,56.85,27801,30805,1.108054,68,0.220743,0.836029,1.84548,0,0,0,0
2026-07-01,2026-09-30,"September Meijer Promo",25-34,inactive,50,Daily,14.01,4970,5774,1.161771,,,,2.426394,0,0,0,0
2026-07-01,2026-09-30,"Existing Posts (Lookalike 1%+Retailers+Cooking)",35-44,active,75,Daily,1419.09,56646,89800,1.585284,4696,5.229399,0.302191,15.802784,4323,661,0.15290308,2.14688351
2026-07-01,2026-09-30,"Audience Test (Parents + Cooking)",35-44,inactive,50,Daily,283.36,135144,157767,1.167399,208,0.13184,1.362308,1.796066,15,0,0,0
2026-07-01,2026-09-30,"Whole Foods Evergreen Campaign",35-44,inactive,50,Daily,348.98,171324,187896,1.096729,249,0.13252,1.401526,1.857304,4,0,0,0
2026-07-01,2026-09-30,"Target Evergreen Campaign",35-44,inactive,50,Daily,393.76,197302,214256,1.085929,284,0.132552,1.386479,1.837802,0,0,0,0
2026-07-01,2026-09-30,"Joe Audience Test",35-44,inactive,50,Daily,215.41,14994,19379,1.29245,1315,6.785696,0.16381,11.115641,1293,97,0.07501933,2.22072165
2026-07-01,2026-09-30,"OnKatiesPlate Creative Test",35-44,inactive,50,Daily,184.15,11418,16661,1.459187,780,4.681592,0.23609,11.052758,779,32,0.04107831,5.7546875
2026-07-01,2026-09-30,"Audience Test (Young Millennials)",35-44,inactive,50,Daily,385.84,156148,199670,1.278723,247,0.123704,1.562105,1.932388,25,0,0,0
2026-07-01,2026-09-30,"Whole Foods Evergreen Campaign",35-44,inactive,50,Daily,123.04,13248,17323,1.307594,567,3.273105,0.217002,7.102696,18,1,0.05555556,123.04
2026-07-01,2026-09-30,"Target Evergreen Campaign",35-44,active,50,Daily,102.79,16453,18415,1.119249,477,2.59028,0.215493,5.581863,21,0,0,0
2026-07-01,2026-09-30,"Whole Foods Zip Codes Test",35-44,inactive,50,Daily,71.92,14332,14523,1.013327,278,1.914205,0.258705,4.952145,2,0,0,0
2026-07-01,2026-09-30,"Existing Posts (Broad + 24-64)",35-44,active,75,Daily,542.2,31017,37727,1.216333,1719,4.556418,0.315416,14.37167,1586,280,0.17654477,1.93642857
2026-07-01,2026-09-30,"September Whole Foods Promo",35-44,inactive,50,Daily,131.21,65894,70085,1.063602,140,0.199757,0.937214,1.872155,0,0,0,0
2026-07-01,2026-09-30,"September Meijer Promo",35-44,inactive,50,Daily,30.19,11418,13029,1.141093,4,0.030701,7.5475,2.317139,0,0,0,0
2026-07-01,2026-09-30,"Existing Posts (Lookalike 1%+Retailers+Cooking)",45-54,active,75,Daily,1363.5,41931,66053,1.575278,3878,5.871043,0.351599,20.642514,3185,674,0.21161695,2.02299703
2026-07-01,2026-09-30,"Audience Test (Parents + Cooking)",45-54,inactive,50,Daily,290.73,132398,157945,1.192956,203,0.128526,1.432167,1.840704,22,0,0,0
2026-07-01,2026-09-30,"Whole Foods Evergreen Campaign",45-54,inactive,50,Daily,425.78,187770,221058,1.177281,222,0.100426,1.917928,1.926101,0,0,0,0
2026-07-01,2026-09-30,"Target Evergreen Campaign",45-54,inactive,50,Daily,473.09,204116,249854,1.224078,279,0.111665,1.695663,1.893466,0,0,0,0
2026-07-01,2026-09-30,"Joe Audience Test",45-54,inactive,50,Daily,127.38,6256,8191,1.309303,659,8.045416,0.193293,15.551215,634,67,0.10567823,1.90119403
2026-07-01,2026-09-30,"OnKatiesPlate Creative Test",45-54,inactive,50,Daily,103.07,4215,5831,1.383393,311,5.333562,0.331415,17.676213,304,34,0.11184211,3.03147059
2026-07-01,2026-09-30,"Audience Test (Young Millennials)",45-54,inactive,50,Daily,372.63,144100,191359,1.32796,237,0.123851,1.572278,1.947282,37,0,0,0
2026-07-01,2026-09-30,"Whole Foods Evergreen Campaign",45-54,inactive,50,Daily,210.37,19112,26623,1.392999,898,3.373023,0.234265,7.901814,3,1,0.33333333,210.37
2026-07-01,2026-09-30,"Target Evergreen Campaign",45-54,active,50,Daily,111.3,15045,17155,1.140246,445,2.593996,0.250112,6.487904,9,0,0,0
2026-07-01,2026-09-30,"Whole Foods Zip Codes Test",45-54,inactive,50,Daily,81.36,12529,13234,1.056269,298,2.251776,0.27302,6.147801,3,0,0,0
2026-07-01,2026-09-30,"Existing Posts (Broad + 24-64)",45-54,active,75,Daily,449.08,20473,25449,1.243052,1147,4.507053,0.391526,17.646273,991,231,0.23309788,1.94406926
2026-07-01,2026-09-30,"September Whole Foods Promo",45-54,inactive,50,Daily,137.69,63889,71944,1.126078,115,0.159847,1.197304,1.91385,1,0,0,0
2026-07-01,2026-09-30,"September Meijer Promo",45-54,inactive,50,Daily,37.78,12643,16233,1.283952,9,0.055443,4.197778,2.327358,0,0,0,0
2026-07-01,2026-09-30,"Existing Posts (Lookalike 1%+Retailers+Cooking)",55-64,active,75,Daily,1490.34,35852,60231,1.67999,4499,7.469575,0.33126,24.743737,3674,639,0.17392488,2.33230047
2026-07-01,2026-09-30,"Audience Test (Parents + Cooking)",55-64,inactive,50,Daily,365.93,146437,191036,1.304561,204,0.106786,1.793775,1.915503,14,0,0,0
2026-07-01,2026-09-30,"Whole Foods Evergreen Campaign",55-64,inactive,50,Daily,598.46,216510,299255,1.382176,261,0.087217,2.29295,1.999833,0,0,0,0
2026-07-01,2026-09-30,"Target Evergreen Campaign",55-64,inactive,50,Daily,651.83,261923,333557,1.273493,327,0.098034,1.993364,1.954179,0,0,0,0
2026-07-01,2026-09-30,"Joe Audience Test",55-64,inactive,50,Daily,110.8,3918,5129,1.309086,506,9.865471,0.218972,21.602652,488,44,0.09016393,2.51818182
2026-07-01,2026-09-30,"OnKatiesPlate Creative Test",55-64,inactive,50,Daily,90.17,2514,3449,1.371917,235,6.813569,0.383702,26.14381,229,32,0.13973799,2.8178125
2026-07-01,2026-09-30,"Audience Test (Young Millennials)",55-64,inactive,50,Daily,445.87,142569,216399,1.517855,203,0.093808,2.196404,2.060407,50,1,0.02,445.87
2026-07-01,2026-09-30,"Whole Foods Evergreen Campaign",55-64,inactive,50,Daily,382.41,28368,41911,1.477404,1646,3.92737,0.232327,9.124335,6,0,0,0
2026-07-01,2026-09-30,"Target Evergreen Campaign",55-64,active,50,Daily,318.21,25048,32017,1.278226,1475,4.606928,0.215736,9.938783,5,0,0,0
2026-07-01,2026-09-30,"Whole Foods Zip Codes Test",55-64,inactive,50,Daily,111.13,13810,15812,1.144967,418,2.643562,0.265861,7.028206,6,0,0,0
2026-07-01,2026-09-30,"Existing Posts (Broad + 24-64)",55-64,active,75,Daily,397.31,15905,20097,1.263565,1194,5.941185,0.332755,19.769617,967,227,0.23474664,1.75026432
2026-07-01,2026-09-30,"September Whole Foods Promo",55-64,inactive,50,Daily,173.93,72841,86836,1.192131,83,0.095582,2.095542,2.002971,0,0,0,0
2026-07-01,2026-09-30,"September Meijer Promo",55-64,inactive,50,Daily,56.41,20423,24328,1.191206,17,0.069878,3.318235,2.318727,0,0,0,0
2026-07-01,2026-09-30,"Existing Posts (Lookalike 1%+Retailers+Cooking)",65+,active,75,Daily,1242.89,28218,47706,1.690623,4835,10.134994,0.257061,26.053117,4290,382,0.08904429,3.25363874
2026-07-01,2026-09-30,"Audience Test (Parents + Cooking)",65+,inactive,50,Daily,376.21,149590,193976,1.296718,225,0.115994,1.672044,1.939467,19,0,0,0
2026-07-01,2026-09-30,"Whole Foods Evergreen Campaign",65+,inactive,50,Daily,656.14,227331,328075,1.44316,312,0.0951,2.103013,1.99997,1,0,0,0
2026-07-01,2026-09-30,"Target Evergreen Campaign",65+,inactive,50,Daily,760,272854,385848,1.414119,441,0.114294,1.723356,1.969688,0,0,0,0
2026-07-01,2026-09-30,"Joe Audience Test",65+,inactive,50,Daily,75.69,2447,3093,1.263997,330,10.669253,0.229364,24.471387,314,33,0.10509554,2.29363636
2026-07-01,2026-09-30,"OnKatiesPlate Creative Test",65+,inactive,50,Daily,64.99,1709,2370,1.386776,171,7.21519,0.380058,27.421941,172,27,0.15697674,2.40703704
2026-07-01,2026-09-30,"Audience Test (Young Millennials)",65+,inactive,50,Daily,414.23,132615,201935,1.522716,204,0.101023,2.030539,2.051304,24,0,0,0
2026-07-01,2026-09-30,"Whole Foods Evergreen Campaign",65+,inactive,50,Daily,754.52,44757,69346,1.549389,3115,4.491968,0.242222,10.880512,7,0,0,0
2026-07-01,2026-09-30,"Target Evergreen Campaign",65+,active,50,Daily,1409.87,66158,100729,1.522552,6503,6.455936,0.216803,13.996664,11,0,0,0
2026-07-01,2026-09-30,"Whole Foods Zip Codes Test",65+,inactive,50,Daily,219.66,20224,24296,1.201345,835,3.43678,0.263066,9.040994,3,0,0,0
2026-07-01,2026-09-30,"Existing Posts (Broad + 24-64)",65+,active,75,Daily,227.15,9322,11801,1.26593,840,7.118041,0.270417,19.248369,698,108,0.15472779,2.10324074
2026-07-01,2026-09-30,"September Whole Foods Promo",65+,inactive,50,Daily,183.43,77641,89308,1.150269,114,0.127648,1.609035,2.053903,0,0,0,0
2026-07-01,2026-09-30,"September Meijer Promo",65+,inactive,50,Daily,56.94,19887,24342,1.224016,14,0.057514,4.067143,2.339167,0,0,0,0
2026-07-01,2026-09-30,"Existing Posts (Lookalike 1%+Retailers+Cooking)",Unknown,active,75,Daily,0.96,62,62,1,1,1.612903,0.96,15.483871,175,22,0.12571429,0.04363636
2026-07-01,2026-09-30,"Audience Test (Parents + Cooking)",Unknown,inactive,50,Daily,0.01,8,8,1,,,,1.25,0,0,0,0
2026-07-01,2026-09-30,"Whole Foods Evergreen Campaign",Unknown,inactive,50,Daily,0.01,2,2,1,1,50,0.01,5,0,0,0,0
2026-07-01,2026-09-30,"Target Evergreen Campaign",Unknown,inactive,50,Daily,0.01,2,2,1,,,,5,0,0,0,0
2026-07-01,2026-09-30,"Joe Audience Test",Unknown,inactive,50,Daily,1.26,107,109,1.018692,9,8.256881,0.14,11.559633,31,2,0.06451613,0.63
2026-07-01,2026-09-30,"OnKatiesPlate Creative Test",Unknown,inactive,50,Daily,0.07,7,7,1,,,,10,29,1,0.03448276,0.07
2026-07-01,2026-09-30,"Audience Test (Young Millennials)",Unknown,inactive,50,Daily,0.26,88,89,1.011364,,,,2.921348,0,0,0,0
2026-07-01,2026-09-30,"Whole Foods Evergreen Campaign",Unknown,inactive,50,Daily,0.05,2,2,1,,,,25,49,2,0.04081633,0.025
2026-07-01,2026-09-30,"Target Evergreen Campaign",Unknown,active,50,Daily,0.06,7,7,1,,,,8.571429,76,0,0,0
2026-07-01,2026-09-30,"Whole Foods Zip Codes Test",Unknown,inactive,50,Daily,0,0,0,0,1,,0,0,54,0,0,0
2026-07-01,2026-09-30,"Existing Posts (Broad + 24-64)",Unknown,active,75,Daily,0.15,9,9,1,,,,16.666667,46,8,0.17391304,0.01875
2026-07-01,2026-09-30,"September Whole Foods Promo",Unknown,inactive,50,Daily,0.78,464,464,1,2,0.431034,0.39,1.681034,0,0,0,0
2026-07-01,2026-09-30,"September Meijer Promo",Unknown,inactive,50,Daily,0.01,7,7,1,,,,1.428571,0,0,0,0
