"Reporting starts","Reporting ends","Ad name",Age,"Ad delivery","Ad set budget","Ad set budget type","Amount spent (USD)",Reach,Impressions,Frequency,"Link clicks","CTR (link click-through rate)","CPC (cost per link click) (USD)","CPM (cost per 1,000 impressions) (USD)","Instagram profile visits","Instagram follows","IG Follow Rate","Cost Per Follow (CPF)"
2026-07-01,2026-09-30,"Cacio e Pepe Puffs",18-24,inactive,75,Daily,40.4,4251,4710,1.107975,366,7.770701,0.110383,8.577495,372,8,0.02150538,5.05
2026-07-01,2026-09-30,"Joe Crispy Chicken Skin Crumble",18-24,inactive,50,Daily,15.03,1209,1462,1.209264,30,2.051984,0.501,10.280438,30,4,0.13333333,3.7575
2026-07-01,2026-09-30,"Us v. Them",18-24,not_delivering,50,Daily,13.1,5031,5924,1.1775,3,0.050641,4.366667,2.211344,1,0,0,0
2026-07-01,2026-09-30,"What Did I Just Witness",18-24,inactive,75,Daily,10,1138,1206,1.059754,102,8.457711,0.098039,8.291874,155,0,0,0
2026-07-01,2026-09-30,"Joe Basil Pesto at Target",18-24,inactive,50,Daily,2.53,342,345,1.008772,28,8.115942,0.090357,7.333333,28,0,0,0
2026-07-01,2026-09-30,"Basil Pesto Exclusive (Target)",18-24,not_delivering,50,Daily,21.35,8946,9274,1.036664,15,0.161743,1.423333,2.302135,0,0,0,0
2026-07-01,2026-09-30,"Frozen Pasta Can't Be That Good",18-24,inactive,75,Daily,61.71,3852,5253,1.363707,216,4.111936,0.285694,11.747573,220,50,0.22727273,1.2342
2026-07-01,2026-09-30,"Joe Make it Fancy Kevin Lee",18-24,inactive,50,Daily,15.73,1763,2085,1.182643,76,3.645084,0.206974,7.544365,78,7,0.08974359,2.24714286
2026-07-01,2026-09-30,"Trio Logo (Whole Foods)",18-24,not_delivering,50,Daily,28.08,11215,11499,1.025323,18,0.156535,1.56,2.441951,1,0,0,0
2026-07-01,2026-09-30,"Target On Shelves",18-24,inactive,75,Daily,6.34,834,914,1.095923,60,6.564551,0.105667,6.936543,59,2,0.03389831,3.17
2026-07-01,2026-09-30,"Corn Season",18-24,inactive,50,Daily,0.06,7,7,1,,,,8.571429,0,0,0,0
2026-07-01,2026-09-30,"4 Easy Pasta Dinners",18-24,inactive,75,Daily,13.61,569,718,1.261863,39,5.431755,0.348974,18.955432,37,6,0.16216216,2.26833333
2026-07-01,2026-09-30,"Ravioli Croutons",18-24,inactive,50,Daily,23.92,2643,3424,1.295498,192,5.607477,0.124583,6.985981,185,2,0.01081081,11.96
2026-07-01,2026-09-30,"Imagine Hating On Me",18-24,inactive,75,Daily,86.22,3384,4855,1.434693,214,4.407827,0.402897,17.759011,213,27,0.12676056,3.19333333
2026-07-01,2026-09-30,"Sunday Sauce",18-24,inactive,50,Daily,13.75,1196,1487,1.243311,50,3.362475,0.275,9.246806,50,2,0.04,6.875
2026-07-01,2026-09-30,"Capture It",18-24,inactive,75,Daily,0.54,17,19,1.117647,1,5.263158,0.54,28.421053,1,0,0,0
2026-07-01,2026-09-30,"Beef Short Rib",18-24,inactive,50,Daily,11.26,636,765,1.20283,29,3.79085,0.388276,14.718954,31,2,0.06451613,5.63
2026-07-01,2026-09-30,"Multi Post",18-24,inactive,75,Daily,31.36,3334,3589,1.076485,307,8.553915,0.10215,8.73781,446,0,0,0
2026-07-01,2026-09-30,"Us v. Them",18-24,not_delivering,50,Daily,363.23,81038,134776,1.663121,12,0.008904,30.269167,2.695064,24,0,0,0
2026-07-01,2026-09-30,"Us v. Them (Target)[Traffic]",18-24,inactive,50,Daily,1.03,147,156,1.061224,3,1.923077,0.343333,6.602564,2,0,0,0
2026-07-01,2026-09-30,"Frozen Pasta Can't Be That Good",18-24,inactive,50,Daily,59.41,15705,21511,1.369691,3,0.013946,19.803333,2.761843,6,0,0,0
2026-07-01,2026-09-30,"Let Me Wipe My Camera",18-24,inactive,75,Daily,6.54,254,291,1.145669,9,3.092784,0.726667,22.474227,6,2,0.33333333,3.27
2026-07-01,2026-09-30,"Cacio e Pepe Hero Image",18-24,not_delivering,50,Daily,101.57,27342,35924,1.313876,3,0.008351,33.856667,2.827358,5,0,0,0
2026-07-01,2026-09-30,"Sauce Before Pasta",18-24,inactive,75,Daily,41.22,5381,5906,1.097566,278,4.707078,0.148273,6.979343,916,0,0,0
2026-07-01,2026-09-30,"Basil Pesto Exclusive (Target) [Traffic]",18-24,active,50,Daily,125.93,14674,20610,1.404525,471,2.285298,0.267367,6.110141,57,0,0,0
2026-07-01,2026-09-30,"Ripi x sourmilk",18-24,inactive,75,Daily,16.66,1501,1915,1.275816,98,5.117493,0.17,8.699739,96,3,0.03125,5.55333333
2026-07-01,2026-09-30,"Trio Logo (Whole Foods) [Traffic]",18-24,not_delivering,50,Daily,15.92,1758,2215,1.259954,69,3.115124,0.230725,7.187359,10,0,0,0
2026-07-01,2026-09-30,"Did You Know",18-24,active,75,Daily,32.81,1126,1495,1.327709,68,4.548495,0.4825,21.946488,67,6,0.08955224,5.46833333
2026-07-01,2026-09-30,"Us v. Them (Whole Foods) [Traffic]",18-24,inactive,50,Daily,0.28,39,45,1.153846,2,4.444444,0.14,6.222222,1,0,0,0
2026-07-01,2026-09-30,"Trio Logo (WFM Zipcodes) [Traffic]",18-24,not_delivering,50,Daily,15.32,1984,2237,1.12752,54,2.413947,0.283704,6.848458,7,0,0,0
2026-07-01,2026-09-30,"4 Easy Pasta Dinners",18-24,inactive,75,Daily,0.13,14,15,1.071429,1,6.666667,0.13,8.666667,1,0,0,0
2026-07-01,2026-09-30,"Cacio e Pepe Puffs",18-24,inactive,75,Daily,31.41,3830,3909,1.020627,271,6.932719,0.115904,8.035303,295,2,0.00677966,15.705
2026-07-01,2026-09-30,"Frozen Pasta Can't Be That Good",18-24,active,75,Daily,87.47,7233,8475,1.171713,334,3.941003,0.261886,10.320944,349,34,0.0974212,2.57264706
2026-07-01,2026-09-30,"Trio Promo + Logo (Find in Store)",18-24,not_delivering,50,Daily,2.99,1184,1333,1.125845,1,0.075019,2.99,2.243061,0,0,0,0
2026-07-01,2026-09-30,"Trio Promo + Logo (Ecom Listing)",18-24,not_delivering,50,Daily,1.73,696,748,1.074713,1,0.13369,1.73,2.312834,0,0,0,0
2026-07-01,2026-09-30,"Trio Promo + Logo (Find in Store)[Meijer]",18-24,not_delivering,50,Daily,1.2,463,515,1.112311,1,0.194175,1.2,2.330097,0,0,0,0
2026-07-01,2026-09-30,"Us v. Them",25-34,not_delivering,50,Daily,136.16,64508,73664,1.141936,134,0.181907,1.016119,1.848393,14,0,0,0
2026-07-01,2026-09-30,"Cacio e Pepe Puffs",25-34,inactive,75,Daily,167.78,14113,15947,1.129951,1441,9.036182,0.116433,10.521101,1415,63,0.04452297,2.6631746
2026-07-01,2026-09-30,"Joe Crispy Chicken Skin Crumble",25-34,inactive,50,Daily,48.25,3712,4402,1.185884,142,3.225806,0.339789,10.960927,134,20,0.14925373,2.4125
2026-07-01,2026-09-30,"Basil Pesto Exclusive (Target)",25-34,not_delivering,50,Daily,167.81,82533,92319,1.118571,144,0.155981,1.165347,1.817719,2,0,0,0
2026-07-01,2026-09-30,"What Did I Just Witness",25-34,inactive,75,Daily,41.78,4114,4292,1.043267,443,10.321528,0.094312,9.73439,588,0,0,0
2026-07-01,2026-09-30,"Joe Basil Pesto at Target",25-34,inactive,50,Daily,5.51,696,699,1.00431,66,9.44206,0.083485,7.88269,67,1,0.01492537,5.51
2026-07-01,2026-09-30,"Trio Logo (Whole Foods)",25-34,not_delivering,50,Daily,165.64,80277,82839,1.031915,133,0.160552,1.245414,1.999541,5,0,0,0
2026-07-01,2026-09-30,"Frozen Pasta Can't Be That Good",25-34,inactive,75,Daily,345.57,20415,28065,1.374724,1146,4.083378,0.301545,12.313202,1094,309,0.28244973,1.11834951
2026-07-01,2026-09-30,"Joe Make it Fancy Kevin Lee",25-34,inactive,50,Daily,89.54,9045,10855,1.200111,663,6.107784,0.135053,8.248733,658,27,0.04103343,3.3162963
2026-07-01,2026-09-30,"Target On Shelves",25-34,inactive,75,Daily,18.61,1961,2121,1.081591,122,5.752004,0.152541,8.774163,127,5,0.03937008,3.722
2026-07-01,2026-09-30,"Corn Season",25-34,inactive,50,Daily,0.3,30,30,1,1,3.333333,0.3,10,1,0,0,0
2026-07-01,2026-09-30,"4 Easy Pasta Dinners",25-34,inactive,75,Daily,38.36,1269,1608,1.267139,57,3.544776,0.672982,23.855721,44,14,0.31818182,2.74
2026-07-01,2026-09-30,"Ravioli Croutons",25-34,inactive,50,Daily,104.65,11182,14434,1.290825,795,5.507829,0.131635,7.250242,789,9,0.01140684,11.62777778
2026-07-01,2026-09-30,"Imagine Hating On Me",25-34,inactive,75,Daily,215.16,7298,9780,1.340093,403,4.120654,0.533896,22,345,55,0.15942029,3.912
2026-07-01,2026-09-30,"Sunday Sauce",25-34,inactive,50,Daily,54.89,4295,5015,1.167637,177,3.529412,0.310113,10.945165,175,7,0.04,7.84142857
2026-07-01,2026-09-30,"Capture It",25-34,inactive,75,Daily,0.4,26,29,1.115385,4,13.793103,0.1,13.793103,4,1,0.25,0.4
2026-07-01,2026-09-30,"Beef Short Rib",25-34,inactive,50,Daily,38.23,2611,3011,1.153198,107,3.553637,0.35729,12.696778,108,4,0.03703704,9.5575
2026-07-01,2026-09-30,"Multi Post",25-34,inactive,75,Daily,58,4868,5251,1.078677,408,7.769949,0.142157,11.045515,475,16,0.03368421,3.625
2026-07-01,2026-09-30,"Us v. Them",25-34,not_delivering,50,Daily,274.86,84049,117313,1.395769,70,0.059669,3.926571,2.342963,17,0,0,0
2026-07-01,2026-09-30,"Us v. Them (Target)[Traffic]",25-34,inactive,50,Daily,2.13,560,582,1.039286,6,1.030928,0.355,3.659794,0,0,0,0
2026-07-01,2026-09-30,"Frozen Pasta Can't Be That Good",25-34,inactive,50,Daily,22.27,6891,8459,1.227543,2,0.023643,11.135,2.632699,3,0,0,0
2026-07-01,2026-09-30,"Let Me Wipe My Camera",25-34,inactive,75,Daily,17.62,495,586,1.183838,26,4.43686,0.677692,30.068259,19,4,0.21052632,4.405
2026-07-01,2026-09-30,"Cacio e Pepe Hero Image",25-34,not_delivering,50,Daily,110.86,42317,50938,1.203724,55,0.107974,2.015636,2.176371,10,0,0,0
2026-07-01,2026-09-30,"Sauce Before Pasta",25-34,inactive,75,Daily,37.7,4265,4704,1.102931,231,4.910714,0.163203,8.014456,524,0,0,0
2026-07-01,2026-09-30,"Basil Pesto Exclusive (Target) [Traffic]",25-34,active,50,Daily,170.38,19956,25687,1.287182,629,2.448709,0.270874,6.632927,110,1,0.00909091,170.38
2026-07-01,2026-09-30,"Ripi x sourmilk",25-34,inactive,75,Daily,77.63,6699,7899,1.179131,413,5.22851,0.187966,9.827826,395,12,0.03037975,6.46916667
2026-07-01,2026-09-30,"Trio Logo (Whole Foods) [Traffic]",25-34,not_delivering,50,Daily,76.16,7452,9845,1.321122,384,3.900457,0.198333,7.735907,82,0,0,0
2026-07-01,2026-09-30,"Did You Know",25-34,active,75,Daily,127.92,3843,5102,1.327609,223,4.370835,0.573632,25.072521,218,42,0.19266055,3.04571429
2026-07-01,2026-09-30,"Us v. Them (Whole Foods) [Traffic]",25-34,inactive,50,Daily,1.5,389,389,1,8,2.056555,0.1875,3.856041,3,0,0,0
2026-07-01,2026-09-30,"Trio Logo (WFM Zipcodes) [Traffic]",25-34,not_delivering,50,Daily,50.17,8671,9330,1.076,192,2.057878,0.261302,5.377278,4,0,0,0
2026-07-01,2026-09-30,"4 Easy Pasta Dinners",25-34,inactive,75,Daily,0.31,17,18,1.058824,,,,17.222222,0,0,0,0
2026-07-01,2026-09-30,"Cacio e Pepe Puffs",25-34,inactive,75,Daily,111.81,10708,11124,1.038849,818,7.35347,0.136687,10.051241,820,37,0.04512195,3.02189189
2026-07-01,2026-09-30,"Frozen Pasta Can't Be That Good",25-34,active,75,Daily,349.61,23353,28569,1.223355,1101,3.853828,0.317539,12.23739,1072,178,0.16604478,1.96410112
2026-07-01,2026-09-30,"Trio Promo + Logo (Find in Store)",25-34,not_delivering,50,Daily,38.21,19465,20991,1.078397,48,0.228669,0.796042,1.820304,0,0,0,0
2026-07-01,2026-09-30,"Trio Promo + Logo (Ecom Listing)",25-34,not_delivering,50,Daily,18.64,9025,9814,1.087424,20,0.203791,0.932,1.899327,0,0,0,0
2026-07-01,2026-09-30,"Trio Promo + Logo (Find in Store)[Meijer]",25-34,not_delivering,50,Daily,14.01,4970,5774,1.161771,,,,2.426394,0,0,0,0
2026-07-01,2026-09-30,"Us v. Them",35-44,not_delivering,50,Daily,283.36,135144,157767,1.167399,208,0.13184,1.362308,1.796066,15,0,0,0
2026-07-01,2026-09-30,"Cacio e Pepe Puffs",35-44,inactive,75,Daily,200.94,13479,14778,1.096372,1223,8.275815,0.164301,13.597239,1185,132,0.11139241,1.52227273
2026-07-01,2026-09-30,"Joe Crispy Chicken Skin Crumble",35-44,inactive,50,Daily,77.88,4961,5752,1.159444,259,4.502782,0.300695,13.539638,249,33,0.13253012,2.36
2026-07-01,2026-09-30,"Basil Pesto Exclusive (Target)",35-44,not_delivering,50,Daily,393.76,197302,214256,1.085929,284,0.132552,1.386479,1.837802,0,0,0,0
2026-07-01,2026-09-30,"What Did I Just Witness",35-44,inactive,75,Daily,55.16,4494,4849,1.078994,610,12.579913,0.090426,11.375541,701,2,0.00285307,27.58
2026-07-01,2026-09-30,"Joe Basil Pesto at Target",35-44,inactive,50,Daily,4.02,423,423,1,41,9.692671,0.098049,9.503546,42,0,0,0
2026-07-01,2026-09-30,"Trio Logo (Whole Foods)",35-44,not_delivering,50,Daily,348.98,171324,187896,1.096729,249,0.13252,1.401526,1.857304,4,0,0,0
2026-07-01,2026-09-30,"Frozen Pasta Can't Be That Good",35-44,inactive,75,Daily,496.78,26950,37930,1.407421,1216,3.205906,0.408536,13.097284,972,336,0.34567901,1.4785119
2026-07-01,2026-09-30,"Joe Make it Fancy Kevin Lee",35-44,inactive,50,Daily,133.51,11417,13204,1.156521,1015,7.687065,0.131537,10.11133,1002,64,0.06387226,2.08609375
2026-07-01,2026-09-30,"Target On Shelves",35-44,inactive,75,Daily,15.44,1314,1406,1.070015,88,6.25889,0.175455,10.981508,86,10,0.11627907,1.544
2026-07-01,2026-09-30,"Corn Season",35-44,inactive,50,Daily,0.55,42,42,1,,,,13.095238,0,0,0,0
2026-07-01,2026-09-30,"4 Easy Pasta Dinners",35-44,inactive,75,Daily,50.61,1328,1724,1.298193,56,3.24826,0.90375,29.356148,24,7,0.29166667,7.23
2026-07-01,2026-09-30,"Ravioli Croutons",35-44,inactive,50,Daily,77.7,7047,8718,1.237122,455,5.219087,0.170769,8.912595,457,12,0.02625821,6.475
2026-07-01,2026-09-30,"Imagine Hating On Me",35-44,inactive,75,Daily,266.31,7103,9806,1.380543,426,4.344279,0.625141,27.157863,305,81,0.26557377,3.28777778
2026-07-01,2026-09-30,"Sunday Sauce",35-44,inactive,50,Daily,53.89,3590,4124,1.148747,162,3.928225,0.332654,13.06741,163,10,0.06134969,5.389
2026-07-01,2026-09-30,"Capture It",35-44,inactive,75,Daily,0.54,20,22,1.1,1,4.545455,0.54,24.545455,1,0,0,0
2026-07-01,2026-09-30,"Beef Short Rib",35-44,inactive,50,Daily,52.01,3269,3777,1.155399,163,4.315594,0.31908,13.770188,159,10,0.06289308,5.201
2026-07-01,2026-09-30,"Multi Post",35-44,inactive,75,Daily,57.61,3700,4052,1.095135,202,4.985193,0.285198,14.21767,185,20,0.10810811,2.8805
2026-07-01,2026-09-30,"Us v. Them",35-44,not_delivering,50,Daily,257.87,99620,129530,1.300241,143,0.110399,1.803287,1.990813,15,0,0,0
2026-07-01,2026-09-30,"Us v. Them (Target)[Traffic]",35-44,inactive,50,Daily,2.66,841,848,1.008323,14,1.650943,0.19,3.136792,1,0,0,0
2026-07-01,2026-09-30,"Frozen Pasta Can't Be That Good",35-44,inactive,50,Daily,12.3,4187,4782,1.142107,2,0.041824,6.15,2.572146,1,0,0,0
2026-07-01,2026-09-30,"Let Me Wipe My Camera",35-44,inactive,75,Daily,16.81,429,519,1.20979,32,6.165703,0.525313,32.38921,15,4,0.26666667,4.2025
2026-07-01,2026-09-30,"Cacio e Pepe Hero Image",35-44,not_delivering,50,Daily,115.67,58969,65358,1.108345,102,0.156064,1.13402,1.769791,9,0,0,0
2026-07-01,2026-09-30,"Sauce Before Pasta",35-44,inactive,75,Daily,14.54,1269,1377,1.085106,89,6.463326,0.163371,10.559187,133,2,0.01503759,7.27
2026-07-01,2026-09-30,"Basil Pesto Exclusive (Target) [Traffic]",35-44,active,50,Daily,100.13,15587,17567,1.127029,463,2.635624,0.216264,5.699892,20,0,0,0
2026-07-01,2026-09-30,"Ripi x sourmilk",35-44,inactive,75,Daily,90.41,6231,7427,1.191944,500,6.732193,0.18082,12.173152,460,11,0.02391304,8.21909091
2026-07-01,2026-09-30,"Trio Logo (Whole Foods) [Traffic]",35-44,not_delivering,50,Daily,121.37,12601,16670,1.322911,555,3.329334,0.218685,7.280744,18,1,0.05555556,121.37
2026-07-01,2026-09-30,"Did You Know",35-44,active,75,Daily,153.83,4668,5903,1.264567,253,4.285956,0.608024,26.059631,253,56,0.22134387,2.74696429
2026-07-01,2026-09-30,"Us v. Them (Whole Foods) [Traffic]",35-44,inactive,50,Daily,1.67,653,653,1,12,1.837672,0.139167,2.557427,1,0,0,0
2026-07-01,2026-09-30,"Trio Logo (WFM Zipcodes) [Traffic]",35-44,not_delivering,50,Daily,71.92,14332,14523,1.013327,278,1.914205,0.258705,4.952145,2,0,0,0
2026-07-01,2026-09-30,"4 Easy Pasta Dinners",35-44,inactive,75,Daily,0.3,24,26,1.083333,1,3.846154,0.3,11.538462,1,0,0,0
2026-07-01,2026-09-30,"Cacio e Pepe Puffs",35-44,inactive,75,Daily,142.57,10156,10382,1.022253,750,7.224042,0.190093,13.732422,710,57,0.08028169,2.50122807
2026-07-01,2026-09-30,"Frozen Pasta Can't Be That Good",35-44,active,75,Daily,399.05,22104,27293,1.234754,968,3.546697,0.412242,14.620965,875,223,0.25485714,1.78946188
2026-07-01,2026-09-30,"Trio Promo + Logo (Find in Store)",35-44,not_delivering,50,Daily,84.91,44080,46624,1.057713,98,0.210192,0.866429,1.821165,0,0,0,0
2026-07-01,2026-09-30,"Trio Promo + Logo (Ecom Listing)",35-44,not_delivering,50,Daily,46.3,22234,23461,1.055186,42,0.179021,1.102381,1.973488,0,0,0,0
2026-07-01,2026-09-30,"Trio Promo + Logo (Find in Store)[Meijer]",35-44,not_delivering,50,Daily,30.19,11418,13029,1.141093,4,0.030701,7.5475,2.317139,0,0,0,0
2026-07-01,2026-09-30,"Us v. Them",45-54,not_delivering,50,Daily,290.73,132398,157945,1.192956,203,0.128526,1.432167,1.840704,22,0,0,0
2026-07-01,2026-09-30,"Cacio e Pepe Puffs",45-54,inactive,75,Daily,140.35,6700,7554,1.127463,729,9.650516,0.192524,18.579561,688,115,0.16715116,1.22043478
2026-07-01,2026-09-30,"Joe Crispy Chicken Skin Crumble",45-54,inactive,50,Daily,63.98,2786,3240,1.162958,216,6.666667,0.296204,19.746914,204,25,0.12254902,2.5592
2026-07-01,2026-09-30,"Basil Pesto Exclusive (Target)",45-54,not_delivering,50,Daily,473.09,204116,249854,1.224078,279,0.111665,1.695663,1.893466,0,0,0,0
2026-07-01,2026-09-30,"What Did I Just Witness",45-54,inactive,75,Daily,66.38,4614,4893,1.060468,796,16.268138,0.083392,13.566319,812,2,0.00246305,33.19
2026-07-01,2026-09-30,"Joe Basil Pesto at Target",45-54,inactive,50,Daily,1.43,127,129,1.015748,16,12.403101,0.089375,11.085271,16,0,0,0
2026-07-01,2026-09-30,"Trio Logo (Whole Foods)",45-54,not_delivering,50,Daily,425.78,187770,221058,1.177281,222,0.100426,1.917928,1.926101,0,0,0,0
2026-07-01,2026-09-30,"Frozen Pasta Can't Be That Good",45-54,inactive,75,Daily,482.36,20902,30360,1.452493,1182,3.893281,0.408088,15.888011,808,352,0.43564356,1.37034091
2026-07-01,2026-09-30,"Joe Make it Fancy Kevin Lee",45-54,inactive,50,Daily,61.97,4168,4822,1.15691,427,8.855247,0.145129,12.851514,414,42,0.10144928,1.47547619
2026-07-01,2026-09-30,"Target On Shelves",45-54,inactive,75,Daily,13.87,898,974,1.084633,40,4.106776,0.34675,14.240246,32,7,0.21875,1.98142857
2026-07-01,2026-09-30,"Corn Season",45-54,inactive,50,Daily,0.34,21,21,1,1,4.761905,0.34,16.190476,1,0,0,0
2026-07-01,2026-09-30,"4 Easy Pasta Dinners",45-54,inactive,75,Daily,62.61,1253,1614,1.288109,70,4.337051,0.894429,38.791822,35,16,0.45714286,3.913125
2026-07-01,2026-09-30,"Ravioli Croutons",45-54,inactive,50,Daily,31.39,2074,2457,1.184667,143,5.820106,0.21951,12.775743,142,7,0.04929577,4.48428571
2026-07-01,2026-09-30,"Imagine Hating On Me",45-54,inactive,75,Daily,289.64,5266,7710,1.464109,404,5.239948,0.716931,37.566796,220,80,0.36363636,3.6205
2026-07-01,2026-09-30,"Sunday Sauce",45-54,inactive,50,Daily,37.85,1554,1700,1.093951,90,5.294118,0.420556,22.264706,86,18,0.20930233,2.10277778
2026-07-01,2026-09-30,"Capture It",45-54,inactive,75,Daily,0.1,9,9,1,,,,11.111111,0,0,0,0
2026-07-01,2026-09-30,"Beef Short Rib",45-54,inactive,50,Daily,33.49,1442,1653,1.146325,77,4.658197,0.434935,20.260133,75,9,0.12,3.72111111
2026-07-01,2026-09-30,"Multi Post",45-54,inactive,75,Daily,50.62,2503,2723,1.087895,116,4.260007,0.436379,18.589791,83,28,0.3373494,1.80785714
2026-07-01,2026-09-30,"Us v. Them",45-54,not_delivering,50,Daily,254.77,96757,125683,1.298955,149,0.118552,1.709866,2.027084,24,0,0,0
2026-07-01,2026-09-30,"Us v. Them (Target)[Traffic]",45-54,inactive,50,Daily,2.03,636,651,1.023585,7,1.075269,0.29,3.11828,0,0,0,0
2026-07-01,2026-09-30,"Frozen Pasta Can't Be That Good",45-54,inactive,50,Daily,15.42,4938,6161,1.247671,2,0.032462,7.71,2.50284,2,0,0,0
2026-07-01,2026-09-30,"Let Me Wipe My Camera",45-54,inactive,75,Daily,17.63,309,383,1.239482,32,8.355091,0.550938,46.031332,8,0,0,0
2026-07-01,2026-09-30,"Cacio e Pepe Hero Image",45-54,not_delivering,50,Daily,102.44,53039,59515,1.122099,86,0.144501,1.191163,1.721247,11,0,0,0
2026-07-01,2026-09-30,"Sauce Before Pasta",45-54,inactive,75,Daily,5.02,356,386,1.08427,23,5.958549,0.218261,13.005181,44,1,0.02272727,5.02
2026-07-01,2026-09-30,"Basil Pesto Exclusive (Target) [Traffic]",45-54,active,50,Daily,109.27,14363,16504,1.149064,438,2.653902,0.249475,6.620819,9,0,0,0
2026-07-01,2026-09-30,"Ripi x sourmilk",45-54,inactive,75,Daily,59.39,2851,3299,1.157138,242,7.335556,0.245413,18.002425,224,20,0.08928571,2.9695
2026-07-01,2026-09-30,"Trio Logo (Whole Foods) [Traffic]",45-54,not_delivering,50,Daily,208.87,18614,26120,1.403245,887,3.395865,0.235479,7.996554,3,1,0.33333333,208.87
2026-07-01,2026-09-30,"Did You Know",45-54,active,75,Daily,175.45,4874,6140,1.259746,244,3.973941,0.719057,28.574919,231,53,0.22943723,3.31037736
2026-07-01,2026-09-30,"Us v. Them (Whole Foods) [Traffic]",45-54,inactive,50,Daily,1.5,503,503,1,11,2.186879,0.136364,2.982107,0,0,0,0
2026-07-01,2026-09-30,"Trio Logo (WFM Zipcodes) [Traffic]",45-54,not_delivering,50,Daily,81.36,12529,13234,1.056269,298,2.251776,0.27302,6.147801,3,0,0,0
2026-07-01,2026-09-30,"4 Easy Pasta Dinners",45-54,inactive,75,Daily,0.29,11,11,1,2,18.181818,0.145,26.363636,2,0,0,0
2026-07-01,2026-09-30,"Cacio e Pepe Puffs",45-54,inactive,75,Daily,106.51,5699,5920,1.038779,446,7.533784,0.238812,17.991554,416,45,0.10817308,2.36688889
2026-07-01,2026-09-30,"Frozen Pasta Can't Be That Good",45-54,active,75,Daily,341.42,15604,19496,1.249423,695,3.564834,0.491252,17.51231,573,186,0.32460733,1.8355914
2026-07-01,2026-09-30,"Trio Promo + Logo (Find in Store)",45-54,not_delivering,50,Daily,88.4,43067,47346,1.099357,85,0.179529,1.04,1.867106,1,0,0,0
2026-07-01,2026-09-30,"Trio Promo + Logo (Ecom Listing)",45-54,not_delivering,50,Daily,49.29,23093,24598,1.065171,30,0.121961,1.643,2.003821,0,0,0,0
2026-07-01,2026-09-30,"Trio Promo + Logo (Find in Store)[Meijer]",45-54,not_delivering,50,Daily,37.78,12643,16233,1.283952,9,0.055443,4.197778,2.327358,0,0,0,0
2026-07-01,2026-09-30,"Us v. Them",55-64,not_delivering,50,Daily,365.93,146437,191036,1.304561,204,0.106786,1.793775,1.915503,14,0,0,0
2026-07-01,2026-09-30,"Cacio e Pepe Puffs",55-64,inactive,75,Daily,114.54,4673,5302,1.134603,585,11.033572,0.195795,21.603169,539,96,0.17810761,1.193125
2026-07-01,2026-09-30,"Joe Crispy Chicken Skin Crumble",55-64,inactive,50,Daily,70.44,2444,2731,1.11743,277,10.142805,0.254296,25.79275,262,27,0.10305344,2.60888889
2026-07-01,2026-09-30,"Basil Pesto Exclusive (Target)",55-64,not_delivering,50,Daily,651.83,261923,333557,1.273493,327,0.098034,1.993364,1.954179,0,0,0,0
2026-07-01,2026-09-30,"What Did I Just Witness",55-64,inactive,75,Daily,112.9,6712,7273,1.083582,1311,18.025574,0.086117,15.523168,1325,1,0.00075472,112.9
2026-07-01,2026-09-30,"Joe Basil Pesto at Target",55-64,inactive,50,Daily,0.54,39,39,1,6,15.384615,0.09,13.846154,6,0,0,0
2026-07-01,2026-09-30,"Trio Logo (Whole Foods)",55-64,not_delivering,50,Daily,598.46,216510,299255,1.382176,261,0.087217,2.29295,1.999833,0,0,0,0
2026-07-01,2026-09-30,"Frozen Pasta Can't Be That Good",55-64,inactive,75,Daily,410.05,15287,22689,1.484202,1077,4.746794,0.380734,18.072634,721,280,0.38834951,1.46446429
2026-07-01,2026-09-30,"Joe Make it Fancy Kevin Lee",55-64,inactive,50,Daily,39.82,2089,2359,1.129248,223,9.453158,0.178565,16.880034,220,17,0.07727273,2.34235294
2026-07-01,2026-09-30,"Target On Shelves",55-64,inactive,75,Daily,16.41,950,1004,1.056842,55,5.478088,0.298364,16.344622,48,13,0.27083333,1.26230769
2026-07-01,2026-09-30,"Corn Season",55-64,inactive,50,Daily,0.66,24,24,1,2,8.333333,0.33,27.5,2,0,0,0
2026-07-01,2026-09-30,"4 Easy Pasta Dinners",55-64,inactive,75,Daily,92.16,1673,2057,1.229528,130,6.319883,0.708923,44.803111,47,22,0.46808511,4.18909091
2026-07-01,2026-09-30,"Ravioli Croutons",55-64,inactive,50,Daily,17.08,831,944,1.135981,73,7.733051,0.233973,18.09322,69,10,0.14492754,1.708
2026-07-01,2026-09-30,"Imagine Hating On Me",55-64,inactive,75,Daily,327.48,5323,8034,1.509299,483,6.011949,0.678012,40.761763,248,80,0.32258065,4.0935
2026-07-01,2026-09-30,"Sunday Sauce",55-64,inactive,50,Daily,39.87,1157,1372,1.185825,98,7.142857,0.406837,29.059767,100,10,0.1,3.987
2026-07-01,2026-09-30,"Capture It",55-64,inactive,75,Daily,0.4,10,11,1.1,1,9.090909,0.4,36.363636,0,0,0,0
2026-07-01,2026-09-30,"Beef Short Rib",55-64,inactive,50,Daily,32.56,969,1109,1.144479,62,5.590622,0.525161,29.359784,58,12,0.20689655,2.71333333
2026-07-01,2026-09-30,"Multi Post",55-64,inactive,75,Daily,45.37,1921,2114,1.100469,129,6.102176,0.351705,21.461684,83,21,0.25301205,2.16047619
2026-07-01,2026-09-30,"Us v. Them",55-64,not_delivering,50,Daily,308.59,94586,143664,1.518872,125,0.087009,2.46872,2.147998,30,0,0,0
2026-07-01,2026-09-30,"Us v. Them (Target)[Traffic]",55-64,inactive,50,Daily,2.31,692,692,1,12,1.734104,0.1925,3.33815,0,0,0,0
2026-07-01,2026-09-30,"Frozen Pasta Can't Be That Good",55-64,inactive,50,Daily,23.74,7679,9533,1.241438,4,0.04196,5.935,2.490297,5,0,0,0
2026-07-01,2026-09-30,"Let Me Wipe My Camera",55-64,inactive,75,Daily,22.53,389,464,1.192802,61,13.146552,0.369344,48.556034,13,4,0.30769231,5.6325
2026-07-01,2026-09-30,"Cacio e Pepe Hero Image",55-64,not_delivering,50,Daily,113.54,56684,63202,1.114988,74,0.117085,1.534324,1.796462,15,1,0.06666667,113.54
2026-07-01,2026-09-30,"Sauce Before Pasta",55-64,inactive,75,Daily,3.37,237,247,1.042194,15,6.072874,0.224667,13.643725,20,0,0,0
2026-07-01,2026-09-30,"Basil Pesto Exclusive (Target) [Traffic]",55-64,active,50,Daily,315.9,24374,31325,1.285181,1463,4.670391,0.215926,10.084597,5,0,0,0
2026-07-01,2026-09-30,"Ripi x sourmilk",55-64,inactive,75,Daily,44.98,1739,1879,1.080506,171,9.100585,0.263041,23.938265,164,11,0.06707317,4.08909091
2026-07-01,2026-09-30,"Trio Logo (Whole Foods) [Traffic]",55-64,not_delivering,50,Daily,380.85,27728,41439,1.494482,1638,3.952798,0.232509,9.190618,6,0,0,0
2026-07-01,2026-09-30,"Did You Know",55-64,active,75,Daily,300.1,7169,9152,1.276608,480,5.244755,0.625208,32.790647,464,111,0.23922414,2.7036036
2026-07-01,2026-09-30,"Us v. Them (Whole Foods) [Traffic]",55-64,inactive,50,Daily,1.56,471,472,1.002123,8,1.694915,0.195,3.305085,0,0,0,0
2026-07-01,2026-09-30,"Trio Logo (WFM Zipcodes) [Traffic]",55-64,not_delivering,50,Daily,111.13,13810,15812,1.144967,418,2.643562,0.265861,7.028206,6,0,0,0
2026-07-01,2026-09-30,"4 Easy Pasta Dinners",55-64,inactive,75,Daily,0.46,17,18,1.058824,3,16.666667,0.153333,25.555556,0,0,0,0
2026-07-01,2026-09-30,"Cacio e Pepe Puffs",55-64,inactive,75,Daily,90.75,4045,4349,1.075155,402,9.243504,0.225746,20.866866,367,45,0.1226158,2.01666667
2026-07-01,2026-09-30,"Frozen Pasta Can't Be That Good",55-64,active,75,Daily,304,12299,15686,1.275388,786,5.010838,0.386768,19.380339,600,182,0.30333333,1.67032967
2026-07-01,2026-09-30,"Trio Promo + Logo (Find in Store)",55-64,not_delivering,50,Daily,113.87,49952,58240,1.165919,59,0.101305,1.93,1.955185,0,0,0,0
2026-07-01,2026-09-30,"Trio Promo + Logo (Ecom Listing)",55-64,not_delivering,50,Daily,60.06,26893,28596,1.063325,24,0.083928,2.5025,2.100294,0,0,0,0
2026-07-01,2026-09-30,"Trio Promo + Logo (Find in Store)[Meijer]",55-64,not_delivering,50,Daily,56.41,20423,24328,1.191206,17,0.069878,3.318235,2.318727,0,0,0,0
2026-07-01,2026-09-30,"Us v. Them",65+,not_delivering,50,Daily,376.21,149590,193976,1.296718,225,0.115994,1.672044,1.939467,19,0,0,0
2026-07-01,2026-09-30,"Cacio e Pepe Puffs",65+,inactive,75,Daily,73.3,2920,3314,1.134932,418,12.613156,0.175359,22.118286,385,36,0.09350649,2.03611111
2026-07-01,2026-09-30,"Joe Crispy Chicken Skin Crumble",65+,inactive,50,Daily,56.47,1794,1967,1.096433,211,10.726995,0.26763,28.708693,197,22,0.11167513,2.56681818
2026-07-01,2026-09-30,"Basil Pesto Exclusive (Target)",65+,not_delivering,50,Daily,760,272854,385848,1.414119,441,0.114294,1.723356,1.969688,0,0,0,0
2026-07-01,2026-09-30,"What Did I Just Witness",65+,inactive,75,Daily,181.22,8704,9471,1.08812,2030,21.433851,0.089271,19.134199,2101,2,0.00095193,90.61
2026-07-01,2026-09-30,"Joe Basil Pesto at Target",65+,inactive,50,Daily,0.34,32,32,1,4,12.5,0.085,10.625,4,0,0,0
2026-07-01,2026-09-30,"Trio Logo (Whole Foods)",65+,not_delivering,50,Daily,656.14,227331,328075,1.44316,312,0.0951,2.103013,1.99997,1,0,0,0
2026-07-01,2026-09-30,"Frozen Pasta Can't Be That Good",65+,inactive,75,Daily,197.43,7230,10963,1.516321,614,5.600657,0.321547,18.008757,429,139,0.32400932,1.42035971
2026-07-01,2026-09-30,"Joe Make it Fancy Kevin Lee",65+,inactive,50,Daily,18.88,987,1094,1.108409,115,10.511883,0.164174,17.25777,113,11,0.09734513,1.71636364
2026-07-01,2026-09-30,"Target On Shelves",65+,inactive,75,Daily,10.83,517,567,1.096712,31,5.467372,0.349355,19.100529,27,6,0.22222222,1.805
2026-07-01,2026-09-30,"Corn Season",65+,inactive,50,Daily,0.35,11,11,1,,,,31.818182,0,0,0,0
2026-07-01,2026-09-30,"4 Easy Pasta Dinners",65+,inactive,75,Daily,87.38,1434,1961,1.367503,146,7.445181,0.598493,44.558899,68,20,0.29411765,4.369
2026-07-01,2026-09-30,"Ravioli Croutons",65+,inactive,50,Daily,9.47,495,584,1.179798,46,7.876712,0.20587,16.215753,43,5,0.11627907,1.894
2026-07-01,2026-09-30,"Imagine Hating On Me",65+,inactive,75,Daily,275.94,4584,6891,1.503272,511,7.415469,0.54,40.043535,303,51,0.16831683,5.41058824
2026-07-01,2026-09-30,"Sunday Sauce",65+,inactive,50,Daily,33.46,895,1039,1.160894,77,7.410972,0.434545,32.204042,78,16,0.20512821,2.09125
2026-07-01,2026-09-30,"Capture It",65+,inactive,75,Daily,0.36,11,14,1.272727,1,7.142857,0.36,25.714286,0,0,0,0
2026-07-01,2026-09-30,"Beef Short Rib",65+,inactive,50,Daily,21.71,636,736,1.157233,48,6.521739,0.452292,29.497283,51,6,0.11764706,3.61833333
2026-07-01,2026-09-30,"Multi Post",65+,inactive,75,Daily,27.52,1234,1340,1.0859,84,6.268657,0.327619,20.537313,68,3,0.04411765,9.17333333
2026-07-01,2026-09-30,"Us v. Them",65+,not_delivering,50,Daily,279.33,84224,130366,1.547849,111,0.085145,2.516486,2.14266,16,0,0,0
2026-07-01,2026-09-30,"Us v. Them (Target)[Traffic]",65+,inactive,50,Daily,7.18,1058,1111,1.050095,29,2.610261,0.247586,6.462646,1,0,0,0
2026-07-01,2026-09-30,"Frozen Pasta Can't Be That Good",65+,inactive,50,Daily,27.12,9246,11534,1.247458,8,0.06936,3.39,2.351309,2,0,0,0
2026-07-01,2026-09-30,"Let Me Wipe My Camera",65+,inactive,75,Daily,26.79,486,585,1.203704,90,15.384615,0.297667,45.794872,24,2,0.08333333,13.395
2026-07-01,2026-09-30,"Cacio e Pepe Hero Image",65+,not_delivering,50,Daily,107.78,53278,60035,1.126825,85,0.141584,1.268,1.795286,6,0,0,0
2026-07-01,2026-09-30,"Sauce Before Pasta",65+,inactive,75,Daily,7.3,408,430,1.053922,31,7.209302,0.235484,16.976744,44,0,0,0
2026-07-01,2026-09-30,"Basil Pesto Exclusive (Target) [Traffic]",65+,active,50,Daily,1402.69,65370,99618,1.52391,6474,6.498826,0.216665,14.080688,10,0,0,0
2026-07-01,2026-09-30,"Ripi x sourmilk",65+,inactive,75,Daily,32.74,1262,1417,1.122821,167,11.785462,0.196048,23.105152,153,6,0.03921569,5.45666667
2026-07-01,2026-09-30,"Trio Logo (Whole Foods) [Traffic]",65+,not_delivering,50,Daily,751.63,44369,68746,1.549415,3102,4.512263,0.242305,10.933436,7,0,0,0
2026-07-01,2026-09-30,"Did You Know",65+,active,75,Daily,322.08,8043,10752,1.336815,712,6.622024,0.45236,29.955357,688,117,0.17005814,2.75282051
2026-07-01,2026-09-30,"Us v. Them (Whole Foods) [Traffic]",65+,inactive,50,Daily,2.89,588,600,1.020408,13,2.166667,0.222308,4.816667,0,0,0,0
2026-07-01,2026-09-30,"Trio Logo (WFM Zipcodes) [Traffic]",65+,not_delivering,50,Daily,219.66,20224,24296,1.201345,835,3.43678,0.263066,9.040994,3,0,0,0
2026-07-01,2026-09-30,"4 Easy Pasta Dinners",65+,inactive,75,Daily,1.04,21,22,1.047619,2,9.090909,0.52,47.272727,2,0,0,0
2026-07-01,2026-09-30,"Cacio e Pepe Puffs",65+,inactive,75,Daily,56.54,2465,2650,1.075051,253,9.54717,0.223478,21.335849,226,24,0.10619469,2.35583333
2026-07-01,2026-09-30,"Frozen Pasta Can't Be That Good",65+,active,75,Daily,166.88,7136,9085,1.273122,580,6.38415,0.287724,18.36874,470,84,0.1787234,1.98666667
2026-07-01,2026-09-30,"Trio Promo + Logo (Find in Store)",65+,not_delivering,50,Daily,123.36,55245,61206,1.107901,76,0.124171,1.623158,2.015489,0,0,0,0
2026-07-01,2026-09-30,"Trio Promo + Logo (Ecom Listing)",65+,not_delivering,50,Daily,60.07,25233,28102,1.1137,38,0.135222,1.580789,2.13757,0,0,0,0
2026-07-01,2026-09-30,"Trio Promo + Logo (Find in Store)[Meijer]",65+,not_delivering,50,Daily,56.94,19887,24342,1.224016,14,0.057514,4.067143,2.339167,0,0,0,0
2026-07-01,2026-09-30,"Us v. Them",Unknown,not_delivering,50,Daily,0.01,8,8,1,,,,1.25,0,0,0,0
2026-07-01,2026-09-30,"Cacio e Pepe Puffs",Unknown,inactive,75,Daily,0.07,8,8,1,,,,8.75,39,4,0.1025641,0.0175
2026-07-01,2026-09-30,"Joe Crispy Chicken Skin Crumble",Unknown,inactive,50,Daily,0.02,2,2,1,,,,10,11,1,0.09090909,0.02
2026-07-01,2026-09-30,"Basil Pesto Exclusive (Target)",Unknown,not_delivering,50,Daily,0.01,2,2,1,,,,5,0,0,0,0
2026-07-01,2026-09-30,"What Did I Just Witness",Unknown,inactive,75,Daily,0.02,3,3,1,,,,6.666667,35,0,0,0
2026-07-01,2026-09-30,"Joe Basil Pesto at Target",Unknown,inactive,50,Daily,0.03,2,2,1,,,,15,0,0,0,0
2026-07-01,2026-09-30,"Trio Logo (Whole Foods)",Unknown,not_delivering,50,Daily,0.01,2,2,1,1,50,0.01,5,0,0,0,0
2026-07-01,2026-09-30,"Frozen Pasta Can't Be That Good",Unknown,inactive,75,Daily,0.46,30,30,1,1,3.333333,0.46,15.333333,40,11,0.275,0.04181818
2026-07-01,2026-09-30,"Joe Make it Fancy Kevin Lee",Unknown,inactive,50,Daily,1.21,103,105,1.019417,9,8.571429,0.134444,11.52381,20,1,0.05,1.21
2026-07-01,2026-09-30,"Target On Shelves",Unknown,inactive,75,Daily,0.17,9,9,1,,,,18.888889,3,0,0,0
2026-07-01,2026-09-30,"Ravioli Croutons",Unknown,inactive,50,Daily,0.01,2,2,1,,,,5,16,0,0,0
2026-07-01,2026-09-30,"4 Easy Pasta Dinners",Unknown,inactive,75,Daily,0.03,2,2,1,,,,15,5,2,0.4,0.015
2026-07-01,2026-09-30,"Sunday Sauce",Unknown,inactive,50,Daily,0.06,5,5,1,,,,12,7,1,0.14285714,0.06
2026-07-01,2026-09-30,"Imagine Hating On Me",Unknown,inactive,75,Daily,0.17,5,5,1,,,,34,17,4,0.23529412,0.0425
2026-07-01,2026-09-30,"Us v. Them",Unknown,not_delivering,50,Daily,0.17,63,64,1.015873,,,,2.65625,0,0,0,0
2026-07-01,2026-09-30,"Multi Post",Unknown,inactive,75,Daily,0.01,2,2,1,,,,5,12,0,0,0
2026-07-01,2026-09-30,"Frozen Pasta Can't Be That Good",Unknown,inactive,50,Daily,0.03,7,7,1,,,,4.285714,0,0,0,0
2026-07-01,2026-09-30,"Ripi x sourmilk",Unknown,inactive,75,Daily,0.01,1,1,1,,,,10,10,0,0,0
2026-07-01,2026-09-30,"Cacio e Pepe Hero Image",Unknown,not_delivering,50,Daily,0.06,18,18,1,,,,3.333333,0,0,0,0
2026-07-01,2026-09-30,"Did You Know",Unknown,active,75,Daily,0.02,2,2,1,,,,10,13,1,0.07692308,0.02
2026-07-01,2026-09-30,"Basil Pesto Exclusive (Target) [Traffic]",Unknown,active,50,Daily,0.06,7,7,1,,,,8.571429,75,0,0,0
2026-07-01,2026-09-30,"Trio Logo (Whole Foods) [Traffic]",Unknown,not_delivering,50,Daily,0.05,2,2,1,,,,25,46,2,0.04347826,0.025
2026-07-01,2026-09-30,"Trio Logo (WFM Zipcodes) [Traffic]",Unknown,not_delivering,50,Daily,0,0,0,0,1,,0,0,54,0,0,0
2026-07-01,2026-09-30,"Cacio e Pepe Puffs",Unknown,inactive,75,Daily,0.02,1,1,1,,,,20,14,0,0,0
2026-07-01,2026-09-30,"Frozen Pasta Can't Be That Good",Unknown,active,75,Daily,0.13,8,8,1,,,,16.25,32,8,0.25,0.01625
2026-07-01,2026-09-30,"Trio Promo + Logo (Find in Store)",Unknown,not_delivering,50,Daily,0.65,354,357,1.008475,1,0.280112,0.65,1.820728,0,0,0,0
2026-07-01,2026-09-30,"Trio Promo + Logo (Ecom Listing)",Unknown,not_delivering,50,Daily,0.13,107,107,1,1,0.934579,0.13,1.214953,0,0,0,0
2026-07-01,2026-09-30,"Trio Promo + Logo (Find in Store)[Meijer]",Unknown,not_delivering,50,Daily,0.01,7,7,1,,,,1.428571,0,0,0,0
