"Reporting starts","Reporting ends","Ad name",Platform,"Ad delivery","Ad set budget","Ad set budget type","Amount spent (USD)",Reach,Impressions,Frequency,"Link clicks","CTR (link click-through rate)","CPC (cost per link click) (USD)","CPM (cost per 1,000 impressions) (USD)","Instagram profile visits","Instagram follows","IG Follow Rate","Cost Per Follow (CPF)"
2026-07-01,2026-09-30,"Basil Pesto Exclusive (Target) [Traffic]","Audience Network",active,50,Daily,0,1,1,1,,,,0,0,0,0,0
2026-07-01,2026-09-30,"Trio Logo (WFM Zipcodes) [Traffic]","Audience Network",not_delivering,50,Daily,0.01,1,1,1,,,,10.000182,0,0,0,0
2026-07-01,2026-09-30,"Cacio e Pepe Puffs",Facebook,inactive,75,Daily,27.927728,1386,1808,1.304473,70,3.871681,0.398968,15.446752,12,7,0.58333333,3.98967536
2026-07-01,2026-09-30,"Us v. Them",Facebook,not_delivering,50,Daily,1457.768734,653783,776588,1.187838,975,0.125549,1.495147,1.877146,82,0,0,0
2026-07-01,2026-09-30,"Us v. Them",Facebook,not_delivering,50,Daily,325.776253,251304,258767,1.029697,554,0.214092,0.588044,1.258956,12,0,0,0
2026-07-01,2026-09-30,"What Did I Just Witness",Facebook,inactive,75,Daily,7.14,268,344,1.283582,23,6.686047,0.310435,20.755814,7,0,0,0
2026-07-01,2026-09-30,"Basil Pesto Exclusive (Target)",Facebook,not_delivering,50,Daily,2439.909094,1029543,1273330,1.236791,1476,0.115917,1.653055,1.916164,0,0,0,0
2026-07-01,2026-09-30,"Frozen Pasta Can't Be That Good",Facebook,inactive,50,Daily,19.4,9660,10701,1.107764,10,0.093449,1.94,1.812915,1,0,0,0
2026-07-01,2026-09-30,"Frozen Pasta Can't Be That Good",Facebook,inactive,75,Daily,733.52161,30928,47613,1.539479,1661,3.488543,0.441614,15.40591,427,258,0.60421546,2.84310702
2026-07-01,2026-09-30,"Trio Logo (Whole Foods)",Facebook,not_delivering,50,Daily,2161.668619,854347,1104986,1.293369,1147,0.103802,1.884628,1.956286,0,0,0,0
2026-07-01,2026-09-30,"Cacio e Pepe Hero Image",Facebook,not_delivering,50,Daily,210.94,172934,176845,1.022616,376,0.212616,0.561011,1.192796,11,0,0,0
2026-07-01,2026-09-30,"Target On Shelves",Facebook,inactive,75,Daily,17.31,852,927,1.088028,37,3.99137,0.467838,18.673139,18,8,0.44444444,2.16375
2026-07-01,2026-09-30,"Basil Pesto Exclusive (Target) [Traffic]",Facebook,active,50,Daily,1832.280541,118933,158350,1.331422,8512,5.375434,0.215259,11.57108,0,0,0,0
2026-07-01,2026-09-30,"4 Easy Pasta Dinners",Facebook,inactive,75,Daily,223.09,3544,4910,1.38544,288,5.86558,0.774618,45.435845,49,26,0.53061224,8.58038462
2026-07-01,2026-09-30,"Trio Logo (Whole Foods) [Traffic]",Facebook,not_delivering,50,Daily,1337.547205,97931,143475,1.465062,5623,3.91915,0.237871,9.322511,0,0,0,0
2026-07-01,2026-09-30,"Imagine Hating On Me",Facebook,inactive,75,Daily,609.83156,9388,15481,1.64902,919,5.936309,0.663582,39.392259,165,112,0.67878788,5.44492464
2026-07-01,2026-09-30,"Us v. Them (Whole Foods) [Traffic]",Facebook,inactive,50,Daily,7.96,2486,2530,1.017699,50,1.976285,0.1592,3.146245,0,0,0,0
2026-07-01,2026-09-30,"Capture It",Facebook,inactive,75,Daily,0.58,15,19,1.266667,2,10.526316,0.29,30.526316,0,0,0,0
2026-07-01,2026-09-30,"Trio Logo (WFM Zipcodes) [Traffic]",Facebook,not_delivering,50,Daily,462.19841,62107,69858,1.124801,1769,2.53228,0.261277,6.616256,7,0,0,0
2026-07-01,2026-09-30,"Multi Post",Facebook,inactive,75,Daily,99.45,3961,4577,1.155516,176,3.845314,0.565057,21.728206,37,26,0.7027027,3.825
2026-07-01,2026-09-30,"4 Easy Pasta Dinners",Facebook,inactive,75,Daily,1.46,43,45,1.046512,3,6.666667,0.486667,32.444444,0,0,0,0
2026-07-01,2026-09-30,"Us v. Them (Target)[Traffic]",Facebook,inactive,50,Daily,13.3,3573,3573,1,60,1.679261,0.221667,3.722362,0,0,0,0
2026-07-01,2026-09-30,"Cacio e Pepe Puffs",Facebook,inactive,75,Daily,52.25,2724,3119,1.145007,117,3.751202,0.446581,16.752164,28,15,0.53571429,3.48333333
2026-07-01,2026-09-30,"Let Me Wipe My Camera",Facebook,inactive,75,Daily,63,636,860,1.352201,165,19.186047,0.381818,73.255814,4,1,0.25,63
2026-07-01,2026-09-30,"Frozen Pasta Can't Be That Good",Facebook,active,75,Daily,428.13403,18345,25389,1.383974,1001,3.942652,0.427706,16.862973,479,153,0.31941545,2.79826163
2026-07-01,2026-09-30,"Sauce Before Pasta",Facebook,inactive,75,Daily,1.12,45,50,1.111111,4,8,0.28,22.4,2,1,0.5,1.12
2026-07-01,2026-09-30,"Trio Promo + Logo (Find in Store)",Facebook,not_delivering,50,Daily,450.42961,214972,235203,1.09411,367,0.156035,1.227329,1.915067,1,0,0,0
2026-07-01,2026-09-30,"Did You Know",Facebook,active,75,Daily,15.659578,612,826,1.349673,32,3.874092,0.489362,18.958326,15,4,0.26666667,3.9148944
2026-07-01,2026-09-30,"Trio Promo + Logo (Ecom Listing)",Facebook,not_delivering,50,Daily,235.079759,104064,114819,1.10335,154,0.134124,1.526492,2.047394,0,0,0,0
2026-07-01,2026-09-30,"Trio Promo + Logo (Find in Store)[Meijer]",Facebook,not_delivering,50,Daily,195.820073,70450,83942,1.191512,44,0.052417,4.450456,2.332802,0,0,0,0
2026-07-01,2026-09-30,"Us v. Them",Instagram,not_delivering,50,Daily,5.80095,2185,2688,1.230206,2,0.074405,2.900475,2.158092,3,0,0,0
2026-07-01,2026-09-30,"Cacio e Pepe Puffs",Instagram,inactive,75,Daily,709.452272,44911,49805,1.108971,4692,9.420741,0.151205,14.244599,4611,447,0.09694209,1.58714155
2026-07-01,2026-09-30,"Joe Crispy Chicken Skin Crumble",Instagram,inactive,50,Daily,332.07,16624,19556,1.176372,1135,5.803845,0.292573,16.980466,1087,132,0.12143514,2.51568182
2026-07-01,2026-09-30,"Basil Pesto Exclusive (Target)",Instagram,not_delivering,50,Daily,26.23085,10364,10754,1.03763,13,0.120885,2.017758,2.439172,2,0,0,0
2026-07-01,2026-09-30,"What Did I Just Witness",Instagram,inactive,75,Daily,460.32,28885,31643,1.095482,5269,16.651392,0.087364,14.547293,5710,7,0.00122592,65.76
2026-07-01,2026-09-30,"Joe Basil Pesto at Target",Instagram,inactive,50,Daily,14.4,1669,1669,1,161,9.646495,0.089441,8.627921,163,1,0.00613497,14.4
2026-07-01,2026-09-30,"Trio Logo (Whole Foods)",Instagram,not_delivering,50,Daily,59.511338,24098,24683,1.024276,48,0.194466,1.23982,2.411025,11,0,0,0
2026-07-01,2026-09-30,"Frozen Pasta Can't Be That Good",Instagram,inactive,75,Daily,1260.83839,66814,87677,1.312255,3791,4.323825,0.332587,14.380492,3857,1219,0.31604874,1.03432189
2026-07-01,2026-09-30,"Joe Make it Fancy Kevin Lee",Instagram,inactive,50,Daily,360.66,28679,34524,1.203808,2528,7.322442,0.142666,10.446646,2505,169,0.06746507,2.13408284
2026-07-01,2026-09-30,"Target On Shelves",Instagram,inactive,75,Daily,64.36,5726,6068,1.059728,359,5.916282,0.179276,10.60646,364,35,0.09615385,1.83885714
2026-07-01,2026-09-30,"Corn Season",Instagram,inactive,50,Daily,2.26,135,135,1,4,2.962963,0.565,16.740741,4,0,0,0
2026-07-01,2026-09-30,"4 Easy Pasta Dinners",Instagram,inactive,75,Daily,121.67,4213,4774,1.133159,210,4.398827,0.579381,25.485966,211,61,0.28909953,1.99459016
2026-07-01,2026-09-30,"Ravioli Croutons",Instagram,inactive,50,Daily,264.22,23191,30563,1.317882,1704,5.575369,0.155059,8.645094,1701,45,0.02645503,5.87155556
2026-07-01,2026-09-30,"Imagine Hating On Me",Instagram,inactive,75,Daily,851.08844,23211,31600,1.361423,1522,4.816456,0.559191,26.933178,1486,266,0.17900404,3.1995806
2026-07-01,2026-09-30,"Sunday Sauce",Instagram,inactive,50,Daily,233.77,12878,14742,1.144743,654,4.436304,0.357446,15.857414,659,64,0.09711684,3.65265625
2026-07-01,2026-09-30,"Capture It",Instagram,inactive,75,Daily,1.76,78,85,1.089744,6,7.058824,0.293333,20.705882,6,1,0.16666667,1.76
2026-07-01,2026-09-30,"Beef Short Rib",Instagram,inactive,50,Daily,189.26,9367,11051,1.17978,486,4.397792,0.389424,17.126052,488,43,0.08811475,4.40139535
2026-07-01,2026-09-30,"Multi Post",Instagram,inactive,75,Daily,171.04,13808,14494,1.049681,1070,7.382365,0.15985,11.800745,1315,62,0.04714829,2.75870968
2026-07-01,2026-09-30,"Us v. Them",Instagram,not_delivering,50,Daily,1412.153757,282139,522115,1.850559,56,0.010726,25.217031,2.70468,114,0,0,0
2026-07-01,2026-09-30,"Us v. Them (Target)[Traffic]",Instagram,inactive,50,Daily,4.04,430,465,1.081395,11,2.365591,0.367273,8.688172,5,0,0,0
2026-07-01,2026-09-30,"Frozen Pasta Can't Be That Good",Instagram,inactive,50,Daily,140.8,38840,51186,1.317868,11,0.02149,12.8,2.750752,18,0,0,0
2026-07-01,2026-09-30,"Let Me Wipe My Camera",Instagram,inactive,75,Daily,44.92,1770,1968,1.111864,85,4.319106,0.528471,22.825203,81,15,0.18518519,2.99466667
2026-07-01,2026-09-30,"Cacio e Pepe Hero Image",Instagram,not_delivering,50,Daily,440.71,116556,157912,1.354817,29,0.018365,15.196897,2.790858,45,1,0.02222222,440.71
2026-07-01,2026-09-30,"Sauce Before Pasta",Instagram,inactive,75,Daily,108.03,11699,13000,1.111206,663,5.1,0.162941,8.31,1680,2,0.00119048,54.015
2026-07-01,2026-09-30,"Basil Pesto Exclusive (Target) [Traffic]",Instagram,active,50,Daily,391.939473,38501,52924,1.374614,1426,2.69443,0.274852,7.405704,286,1,0.0034965,391.93947325
2026-07-01,2026-09-30,"Ripi x sourmilk",Instagram,inactive,75,Daily,321.82,20394,23837,1.168824,1591,6.674498,0.202275,13.50086,1502,63,0.04194407,5.10825397
2026-07-01,2026-09-30,"Trio Logo (Whole Foods) [Traffic]",Instagram,not_delivering,50,Daily,216.90279,16528,21497,1.300641,1009,4.693678,0.214968,10.08991,172,4,0.02325581,54.2256975
2026-07-01,2026-09-30,"Did You Know",Instagram,active,75,Daily,1096.550422,29356,37720,1.284916,1948,5.164369,0.562911,29.070796,1919,382,0.19906201,2.87055084
2026-07-01,2026-09-30,"Us v. Them (Whole Foods) [Traffic]",Instagram,inactive,50,Daily,1.44,121,132,1.090909,4,3.030303,0.36,10.909091,7,0,0,0
2026-07-01,2026-09-30,"Trio Logo (WFM Zipcodes) [Traffic]",Instagram,not_delivering,50,Daily,87.081585,8446,9539,1.12941,303,3.176434,0.287398,9.129006,61,0,0,0
2026-07-01,2026-09-30,"4 Easy Pasta Dinners",Instagram,inactive,75,Daily,1.07,61,65,1.065574,6,9.230769,0.178333,16.461538,6,0,0,0
2026-07-01,2026-09-30,"Cacio e Pepe Puffs",Instagram,inactive,75,Daily,487.36,32669,35216,1.077964,2823,8.016243,0.172639,13.839164,2820,195,0.06914894,2.49928205
2026-07-01,2026-09-30,"Frozen Pasta Can't Be That Good",Instagram,active,75,Daily,1220.42597,69824,83223,1.191897,3463,4.161109,0.352419,14.664527,3492,742,0.21248568,1.64477894
2026-07-01,2026-09-30,"Trio Promo + Logo (Find in Store)",Instagram,not_delivering,50,Daily,1.090217,392,436,1.112245,,,,2.500497,0,0,0,0
2026-07-01,2026-09-30,"Trio Promo + Logo (Ecom Listing)",Instagram,not_delivering,50,Daily,0.940199,406,410,1.009852,,,,2.293168,0,0,0,0
2026-07-01,2026-09-30,"Trio Promo + Logo (Find in Store)[Meijer]",Instagram,not_delivering,50,Daily,0.609938,230,238,1.034783,1,0.420168,0.609938,2.562764,0,0,0,0
2026-07-01,2026-09-30,"Us v. Them",Threads,not_delivering,50,Daily,1.750287,947,947,1,,,,1.848244,0,0,0,0
2026-07-01,2026-09-30,"Us v. Them",Threads,not_delivering,50,Daily,0.809991,478,480,1.004184,,,,1.687481,0,0,0,0
2026-07-01,2026-09-30,"Basil Pesto Exclusive (Target)",Threads,not_delivering,50,Daily,0.530017,339,339,1,,,,1.563473,0,0,0,0
2026-07-01,2026-09-30,"Frozen Pasta Can't Be That Good",Threads,inactive,50,Daily,0.09,91,93,1.021978,,,,0.967742,0,0,0,0
2026-07-01,2026-09-30,"Trio Logo (Whole Foods)",Threads,not_delivering,50,Daily,1.300029,681,697,1.023495,1,0.143472,1.300029,1.865178,0,0,0,0
2026-07-01,2026-09-30,"Cacio e Pepe Hero Image",Threads,not_delivering,50,Daily,0.22,193,194,1.005181,,,,1.134021,0,0,0,0
2026-07-01,2026-09-30,"Basil Pesto Exclusive (Target) [Traffic]",Threads,active,50,Daily,0,3,3,1,,,,0,0,0,0,0
2026-07-01,2026-09-30,"Trio Logo (Whole Foods) [Traffic]",Threads,not_delivering,50,Daily,0,1,1,1,,,,0,0,0,0,0
2026-07-01,2026-09-30,"Trio Promo + Logo (Find in Store)",Threads,not_delivering,50,Daily,0.060012,22,22,1,,,,2.727815,0,0,0,0
2026-07-01,2026-09-30,"Trio Promo + Logo (Ecom Listing)",Threads,not_delivering,50,Daily,0.020004,19,19,1,,,,1.052854,0,0,0,0
2026-07-01,2026-09-30,"Trio Promo + Logo (Find in Store)[Meijer]",Threads,not_delivering,50,Daily,0,3,3,1,,,,0,0,0,0,0
2026-07-01,2026-09-30,"Us v. Them (Target)[Traffic]",Uncategorized,inactive,50,Daily,0,2,2,1,,,,0,0,0,0,0
2026-07-01,2026-09-30,"Us v. Them",Uncategorized,not_delivering,50,Daily,0.170028,85,91,1.070588,,,,1.868438,0,0,0,0
2026-07-01,2026-09-30,"Us v. Them",Uncategorized,not_delivering,50,Daily,0.049999,24,24,1,,,,2.083309,0,0,0,0
2026-07-01,2026-09-30,"Basil Pesto Exclusive (Target)",Uncategorized,not_delivering,50,Daily,1.180038,616,684,1.11039,1,0.146199,1.180038,1.725202,0,0,0,0
2026-07-01,2026-09-30,"Frozen Pasta Can't Be That Good",Uncategorized,inactive,50,Daily,0,5,5,1,,,,0,0,0,0,0
2026-07-01,2026-09-30,"Trio Logo (Whole Foods)",Uncategorized,not_delivering,50,Daily,0.610014,244,258,1.057377,,,,2.364394,0,0,0,0
2026-07-01,2026-09-30,"Cacio e Pepe Hero Image",Uncategorized,not_delivering,50,Daily,0.04,32,33,1.03125,,,,1.212121,0,0,0,0
2026-07-01,2026-09-30,"Basil Pesto Exclusive (Target) [Traffic]",Uncategorized,active,50,Daily,0.079992,10,12,1.2,,,,6.665977,0,0,0,0
2026-07-01,2026-09-30,"Trio Logo (Whole Foods) [Traffic]",Uncategorized,not_delivering,50,Daily,0.400005,53,60,1.132075,3,5,0.133335,6.666752,0,0,0,0
2026-07-01,2026-09-30,"Trio Logo (WFM Zipcodes) [Traffic]",Uncategorized,not_delivering,50,Daily,0.270005,27,34,1.259259,4,11.764706,0.067501,7.941321,0,0,0,0
2026-07-01,2026-09-30,"Trio Promo + Logo (Find in Store)",Uncategorized,not_delivering,50,Daily,0.130026,51,54,1.058824,,,,2.407886,0,0,0,0
2026-07-01,2026-09-30,"Trio Promo + Logo (Ecom Listing)",Uncategorized,not_delivering,50,Daily,0.040008,50,50,1,,,,0.800169,0,0,0,0
2026-07-01,2026-09-30,"Trio Promo + Logo (Find in Store)[Meijer]",Uncategorized,not_delivering,50,Daily,0.089991,35,35,1,,,,2.571167,0,0,0,0
2026-07-01,2026-09-30,"Us v. Them",WhatsApp,not_delivering,50,Daily,0.010002,6,6,1,,,,1.66694,0,0,0,0
2026-07-01,2026-09-30,"Us v. Them",WhatsApp,not_delivering,50,Daily,0.03,10,10,1,,,,2.999965,0,0,0,0
2026-07-01,2026-09-30,"Basil Pesto Exclusive (Target)",WhatsApp,not_delivering,50,Daily,0,3,3,1,,,,0,0,0,0,0
2026-07-01,2026-09-30,"Frozen Pasta Can't Be That Good",WhatsApp,inactive,50,Daily,0,2,2,1,,,,0,0,0,0,0
2026-07-01,2026-09-30,"Cacio e Pepe Hero Image",WhatsApp,not_delivering,50,Daily,0.01,6,6,1,,,,1.666667,0,0,0,0
2026-07-01,2026-09-30,"Basil Pesto Exclusive (Target) [Traffic]",WhatsApp,active,50,Daily,0.059994,28,28,1,,,,2.142636,0,0,0,0
2026-07-01,2026-09-30,"Trio Logo (Whole Foods) [Traffic]",WhatsApp,not_delivering,50,Daily,0,4,4,1,,,,0,0,0,0,0
2026-07-01,2026-09-30,"Trio Promo + Logo (Find in Store)",WhatsApp,not_delivering,50,Daily,0.680135,375,382,1.018667,1,0.26178,0.680135,1.780459,0,0,0,0
2026-07-01,2026-09-30,"Trio Promo + Logo (Ecom Listing)",WhatsApp,not_delivering,50,Daily,0.14003,128,128,1,2,1.5625,0.070015,1.093982,0,0,0,0
2026-07-01,2026-09-30,"Trio Promo + Logo (Find in Store)[Meijer]",WhatsApp,not_delivering,50,Daily,0.019998,10,10,1,,,,1.999797,0,0,0,0
