"Reporting starts","Reporting ends","Ad name","Ad delivery","Ad set budget","Ad set budget type","Amount spent (USD)",Reach,Impressions,Frequency,"Link clicks","CTR (link click-through rate)","CPC (cost per link click) (USD)","CPM (cost per 1,000 impressions) (USD)","Instagram profile visits","Instagram follows","IG Follow Rate","Cost Per Follow (CPF)"
2026-06-30,2026-06-30,"Joe Basil Pesto at Target",inactive,50,Daily,53.33,5813,5970,1.027008,639,10.703518,0.083459,8.932998,640,5,0.0078125,10.666
2026-06-30,2026-06-30,"Target On Shelves",active,50,Daily,6.34,423,425,1.004728,19,4.470588,0.333684,14.917647,19,3,0.15789474,2.11333333
2026-06-30,2026-06-30,"Trio Logo (Whole Foods)",active,50,Daily,48,17644,18263,1.035083,10,0.054756,4.8,2.628265,0,0,,
2026-06-30,2026-06-30,"Frozen Pasta Can't Be That Good",active,50,Daily,44.72,2787,2876,1.031934,117,4.06815,0.382222,15.549374,98,32,0.32653061,1.3975
2026-06-30,2026-06-30,"Basil Pesto Exclusive (Target)",active,50,Daily,41.34,16536,17111,1.034773,6,0.035065,6.89,2.41599,0,0,,
2026-06-30,2026-06-30,"Us v. Them",active,50,Daily,57.25,25577,25577,1,30,0.117293,1.908333,2.238339,9,0,0,
2026-06-29,2026-06-29,"Target On Shelves",active,50,Daily,14.87,983,989,1.006104,49,4.954499,0.303469,15.035389,45,4,0.08888889,3.7175
2026-06-29,2026-06-29,"Joe Basil Pesto at Target",inactive,50,Daily,48.68,5020,5062,1.008367,513,10.134334,0.094893,9.616752,510,9,0.01764706,5.40888889
2026-06-29,2026-06-29,"Frozen Pasta Can't Be That Good",active,50,Daily,43.84,2939,3086,1.050017,135,4.374595,0.324741,14.206092,119,43,0.36134454,1.01953488
2026-06-29,2026-06-29,"Joe Crispy Chicken Skin Crumble",active,50,Daily,0.31,26,27,1.038462,1,3.703704,0.31,11.481481,1,0,0,
2026-06-29,2026-06-29,"Trio Logo (Whole Foods)",active,50,Daily,35.44,13228,13961,1.055413,11,0.078791,3.221818,2.5385,0,0,,
2026-06-29,2026-06-29,"Basil Pesto Exclusive (Target)",active,50,Daily,39.68,16833,17421,1.034931,17,0.097583,2.334118,2.277711,0,0,,
2026-06-29,2026-06-29,"Us v. Them",active,50,Daily,49.05,16988,18152,1.068519,9,0.049581,5.45,2.702182,2,0,0,
2026-06-28,2026-06-28,"Target On Shelves",active,50,Daily,2.83,196,196,1,14,7.142857,0.202143,14.438776,12,2,0.16666667,1.415
2026-06-28,2026-06-28,"Joe Basil Pesto at Target",inactive,50,Daily,56.29,5677,5687,1.001761,627,11.025145,0.089777,9.898013,624,9,0.01442308,6.25444444
2026-06-28,2026-06-28,"Frozen Pasta Can't Be That Good",active,50,Daily,50.32,3021,3132,1.036743,111,3.544061,0.453333,16.066411,99,36,0.36363636,1.39777778
2026-06-28,2026-06-28,"Joe Crispy Chicken Skin Crumble",active,50,Daily,0.09,7,7,1,,,,12.857143,0,0,,
2026-06-28,2026-06-28,"4 Easy Pasta Dinners",inactive,50,Daily,0.42,9,11,1.222222,1,9.090909,0.42,38.181818,0,0,,
2026-06-28,2026-06-28,"Monthly Rip",inactive,50,Daily,0.39,17,21,1.235294,1,4.761905,0.39,18.571429,1,0,0,
2026-06-28,2026-06-28,"Trio Logo (Whole Foods)",active,50,Daily,45.39,18151,19045,1.049253,11,0.057758,4.126364,2.383303,0,0,,
2026-06-28,2026-06-28,"Basil Pesto Exclusive (Target)",active,50,Daily,44.87,15940,16899,1.060163,4,0.02367,11.2175,2.655187,0,0,,
2026-06-28,2026-06-28,"Us v. Them",active,50,Daily,49.73,19526,20070,1.02786,12,0.059791,4.144167,2.477828,2,0,0,
2026-06-27,2026-06-27,"Target On Shelves",active,50,Daily,5.62,379,382,1.007916,26,6.806283,0.216154,14.712042,24,5,0.20833333,1.124
2026-06-27,2026-06-27,"Joe Basil Pesto at Target",inactive,50,Daily,44.08,4115,4115,1,423,10.279465,0.104208,10.712029,424,13,0.03066038,3.39076923
2026-06-27,2026-06-27,"Frozen Pasta Can't Be That Good",active,50,Daily,40.81,2405,2452,1.019543,102,4.159869,0.400098,16.643556,85,34,0.4,1.20029412
2026-06-27,2026-06-27,"Joe Crispy Chicken Skin Crumble",active,50,Daily,0.07,5,5,1,,,,14,0,0,,
2026-06-27,2026-06-27,"Trio Logo (Whole Foods)",active,50,Daily,18.53,8093,8223,1.016063,7,0.085127,2.647143,2.253435,0,0,,
2026-06-27,2026-06-27,"Basil Pesto Exclusive (Target)",active,50,Daily,14.27,5852,5959,1.018284,2,0.033563,7.135,2.394697,0,0,,
2026-06-27,2026-06-27,"On Sale Basil Pesto",not_delivering,50,Daily,14.63,6206,6519,1.050435,2,0.03068,7.315,2.244209,0,0,,
2026-06-27,2026-06-27,"Us v. Them",active,50,Daily,44.47,18941,19797,1.045193,27,0.136384,1.647037,2.2463,5,0,0,
2026-06-26,2026-06-26,"Target On Shelves",active,50,Daily,4.34,271,276,1.01845,13,4.710145,0.333846,15.724638,12,1,0.08333333,4.34
2026-06-26,2026-06-26,"Joe Basil Pesto at Target",inactive,50,Daily,45.99,4158,4184,1.006253,347,8.293499,0.132536,10.991874,350,9,0.02571429,5.11
2026-06-26,2026-06-26,"Frozen Pasta Can't Be That Good",active,50,Daily,43.69,2348,2466,1.050256,92,3.730738,0.474891,17.716951,80,25,0.3125,1.7476
2026-06-26,2026-06-26,"Joe Crispy Chicken Skin Crumble",active,50,Daily,0.01,1,1,1,,,,10,0,0,,
2026-06-26,2026-06-26,"4 Easy Pasta Dinners",inactive,50,Daily,0.06,1,1,1,2,200,0.03,60,1,1,1,0.06
2026-06-26,2026-06-26,"Trio Logo (Whole Foods)",active,50,Daily,26.55,9417,9417,1,5,0.053095,5.31,2.819369,1,0,0,
2026-06-26,2026-06-26,"Basil Pesto Exclusive (Target)",active,50,Daily,53.72,32479,33341,1.02654,49,0.146966,1.096327,1.611229,0,0,,
2026-06-26,2026-06-26,"On Sale Basil Pesto",not_delivering,50,Daily,40.19,17567,18150,1.033187,18,0.099174,2.232778,2.214325,2,0,0,
2026-06-26,2026-06-26,"Us v. Them",active,50,Daily,51.37,18622,19296,1.036194,28,0.145108,1.834643,2.66221,6,0,0,
2026-06-25,2026-06-25,"Target On Shelves",active,50,Daily,4.49,269,273,1.01487,11,4.029304,0.408182,16.446886,10,3,0.3,1.49666667
2026-06-25,2026-06-25,"Joe Basil Pesto at Target",inactive,50,Daily,48.65,4335,4366,1.007151,418,9.573981,0.116388,11.142923,420,24,0.05714286,2.02708333
2026-06-25,2026-06-25,"Frozen Pasta Can't Be That Good",active,50,Daily,38.36,2131,2227,1.045049,100,4.490346,0.3836,17.224966,78,32,0.41025641,1.19875
2026-06-25,2026-06-25,"Joe Crispy Chicken Skin Crumble",active,50,Daily,0.01,1,1,1,,,,10,0,0,,
2026-06-25,2026-06-25,"Trio Logo (Whole Foods)",active,50,Daily,72,45127,45657,1.011745,34,0.074468,2.117647,1.576976,1,0,0,
2026-06-25,2026-06-25,"Basil Pesto Exclusive (Target)",active,50,Daily,47.92,20365,20526,1.007906,15,0.073078,3.194667,2.3346,1,0,0,
2026-06-25,2026-06-25,"On Sale Basil Pesto",not_delivering,50,Daily,36.97,14991,15744,1.05023,7,0.044461,5.281429,2.348196,0,0,,
2026-06-25,2026-06-25,"Us v. Them",active,50,Daily,43.45,16936,17004,1.004015,18,0.105857,2.413889,2.555281,4,0,0,
2026-06-24,2026-06-24,"Target On Shelves",active,50,Daily,6.91,375,393,1.048,20,5.089059,0.3455,17.582697,16,7,0.4375,0.98714286
2026-06-24,2026-06-24,"Joe Basil Pesto at Whole Foods",inactive,50,Daily,0.1,11,11,1,,,,9.090909,0,0,,
2026-06-24,2026-06-24,"Frozen Pasta Can't Be That Good",active,50,Daily,33.74,2030,2140,1.054187,90,4.205607,0.374889,15.766355,69,29,0.42028986,1.16344828
2026-06-24,2026-06-24,"Joe Basil Pesto at Target",inactive,50,Daily,48.62,2971,3023,1.017503,293,9.692359,0.165939,16.083361,289,20,0.06920415,2.431
2026-06-24,2026-06-24,"Cacio e Pepe Puffs",inactive,50,Daily,10.76,372,372,1,30,8.064516,0.358667,28.924731,25,8,0.32,1.345
2026-06-24,2026-06-24,"Joe Crispy Chicken Skin Crumble",active,50,Daily,6.45,365,377,1.032877,13,3.448276,0.496154,17.108753,13,6,0.46153846,1.075
2026-06-24,2026-06-24,"Monthly Rip",inactive,50,Daily,0.01,1,2,2,,,,5,0,0,,
2026-06-24,2026-06-24,"Trio Logo (Whole Foods)",active,50,Daily,56.58,18633,18842,1.011217,8,0.042458,7.0725,3.002866,0,0,,
2026-06-24,2026-06-24,"Basil Pesto Exclusive (Target)",active,50,Daily,60.85,20274,20574,1.014797,12,0.058326,5.070833,2.957616,0,0,,
2026-06-24,2026-06-24,"On Sale Basil Pesto",not_delivering,50,Daily,84.15,27522,29077,1.0565,14,0.048148,6.010714,2.89404,0,0,,
2026-06-24,2026-06-24,"Us v. Them",active,50,Daily,46.58,18218,19295,1.059117,24,0.124385,1.940833,2.414097,4,0,0,
2026-06-23,2026-06-23,"Target On Shelves",active,50,Daily,0.04,2,2,1,,,,20,0,0,,
2026-06-23,2026-06-23,"Joe Basil Pesto at Whole Foods",inactive,50,Daily,3.51,213,214,1.004695,3,1.401869,1.17,16.401869,5,1,0.2,3.51
2026-06-23,2026-06-23,"Frozen Pasta Can't Be That Good",active,50,Daily,2.11,132,134,1.015152,1,0.746269,2.11,15.746269,1,1,1,2.11
2026-06-23,2026-06-23,"Joe Basil Pesto at Target",inactive,50,Daily,15.44,772,790,1.023316,72,9.113924,0.214444,19.544304,72,14,0.19444444,1.10285714
2026-06-23,2026-06-23,"Cacio e Pepe Puffs",inactive,50,Daily,48.8,2032,2057,1.012303,139,6.757414,0.351079,23.72387,131,35,0.26717557,1.39428571
2026-06-23,2026-06-23,"Joe Crispy Chicken Skin Crumble",active,50,Daily,35.42,1698,1802,1.061249,101,5.604883,0.350693,19.655938,90,31,0.34444444,1.14258065
2026-06-23,2026-06-23,"4 Easy Pasta Dinners",inactive,50,Daily,0.05,2,2,1,,,,25,0,0,,
2026-06-23,2026-06-23,"Monthly Rip",inactive,50,Daily,2.11,70,70,1,,,,30.142857,0,0,,
2026-06-23,2026-06-23,"Trio Logo (Whole Foods)",active,50,Daily,66.95,23828,24116,1.012087,13,0.053906,5.15,2.776165,0,0,,
2026-06-23,2026-06-23,"Pasta Tower",inactive,50,Daily,0.03,14,14,1,,,,2.142857,0,0,,
2026-06-23,2026-06-23,"Sauce Splash",inactive,50,Daily,0.04,12,12,1,,,,3.333333,0,0,,
2026-06-23,2026-06-23,"Basil Pesto Exclusive (Target)",active,50,Daily,70.09,24524,24524,1,28,0.114174,2.503214,2.858017,1,0,0,
2026-06-23,2026-06-23,"On Sale Basil Pesto",not_delivering,50,Daily,94,24657,26436,1.07215,61,0.230746,1.540984,3.555757,1,0,0,
2026-06-23,2026-06-23,"Us v. Them",active,50,Daily,44,14772,15699,1.062754,5,0.031849,8.8,2.802726,1,0,0,
2026-06-22,2026-06-22,"Target On Shelves",active,50,Daily,5.39,347,353,1.017291,20,5.665722,0.2695,15.269122,19,2,0.10526316,2.695
2026-06-22,2026-06-22,"Joe Basil Pesto at Whole Foods",inactive,50,Daily,0.06,4,4,1,,,,15,0,0,,
2026-06-22,2026-06-22,"Frozen Pasta Can't Be That Good",active,50,Daily,30.87,1962,2067,1.053517,74,3.580068,0.417162,14.934688,63,25,0.3968254,1.2348
2026-06-22,2026-06-22,"Joe Basil Pesto at Target",inactive,50,Daily,0.06,2,2,1,,,,30,0,0,,
2026-06-22,2026-06-22,"Cacio e Pepe Puffs",inactive,50,Daily,41,2026,2026,1,148,7.305035,0.277027,20.23692,139,34,0.24460432,1.20588235
2026-06-22,2026-06-22,"Trio Logo (Whole Foods)",active,50,Daily,65.61,26305,26999,1.026383,32,0.118523,2.050313,2.43009,0,0,,
2026-06-22,2026-06-22,"Pasta Tower",inactive,50,Daily,19.66,6639,7120,1.072451,4,0.05618,4.915,2.761236,1,0,0,
2026-06-22,2026-06-22,"Sauce Splash",inactive,50,Daily,28.51,9952,10446,1.049638,7,0.067011,4.072857,2.729274,2,0,0,
2026-06-22,2026-06-22,"Basil Pesto Exclusive (Target)",active,50,Daily,65,23701,23701,1,20,0.084385,3.25,2.7425,1,0,0,
2026-06-22,2026-06-22,"Us v. Them",active,50,Daily,45.97,15562,16586,1.065801,15,0.090438,3.064667,2.771615,8,0,0,
2026-06-21,2026-06-21,"Target On Shelves",active,50,Daily,0.56,28,28,1,2,7.142857,0.28,20,0,0,,
2026-06-21,2026-06-21,"4 Easy Pasta Dinners",inactive,50,Daily,0.08,5,6,1.2,,,,13.333333,0,0,,
2026-06-21,2026-06-21,"Frozen Pasta Can't Be That Good",active,50,Daily,28.01,2136,2270,1.062734,84,3.700441,0.333452,12.339207,68,25,0.36764706,1.1204
2026-06-21,2026-06-21,"Trio Logo (Whole Foods)",active,50,Daily,54.09,17852,18789,1.052487,7,0.037256,7.727143,2.878812,0,0,,
2026-06-21,2026-06-21,"Cacio e Pepe Puffs",inactive,50,Daily,55.7,2750,2750,1,245,8.909091,0.227347,20.254545,224,58,0.25892857,0.96034483
2026-06-21,2026-06-21,"Pasta Tower",inactive,50,Daily,11.18,3954,4096,1.035913,2,0.048828,5.59,2.729492,0,0,,
2026-06-21,2026-06-21,"Sauce Splash",inactive,50,Daily,45.21,16025,16335,1.019345,16,0.097949,2.825625,2.767677,2,0,0,
2026-06-21,2026-06-21,"Basil Pesto Exclusive (Target)",active,50,Daily,67.26,25047,26538,1.059528,15,0.056523,4.484,2.534479,0,0,,
2026-06-21,2026-06-21,"Us v. Them",active,50,Daily,73,35151,35840,1.019601,56,0.15625,1.303571,2.03683,16,0,0,
2026-06-20,2026-06-20,"Target On Shelves",active,50,Daily,7.64,453,477,1.05298,23,4.821803,0.332174,16.016771,19,2,0.10526316,3.82
2026-06-20,2026-06-20,"4 Easy Pasta Dinners",inactive,50,Daily,0.12,2,2,1,,,,60,0,0,,
2026-06-20,2026-06-20,"Frozen Pasta Can't Be That Good",active,50,Daily,11.65,797,816,1.023839,35,4.289216,0.332857,14.276961,28,12,0.42857143,0.97083333
2026-06-20,2026-06-20,"Monthly Rip",inactive,50,Daily,0.02,3,3,1,,,,6.666667,0,0,,
2026-06-20,2026-06-20,"Cacio e Pepe Puffs",inactive,50,Daily,50.28,2261,2308,1.020787,151,6.542461,0.33298,21.785095,141,38,0.26950355,1.32315789
2026-06-20,2026-06-20,"Trio Logo (Whole Foods)",active,50,Daily,33.76,11704,12469,1.065362,6,0.048119,5.626667,2.707515,0,0,,
2026-06-20,2026-06-20,"Pasta Tower",inactive,50,Daily,7.67,2509,2562,1.021124,2,0.078064,3.835,2.993755,0,0,,
2026-06-20,2026-06-20,"Sauce Splash",inactive,50,Daily,31.37,10475,10737,1.025012,9,0.083822,3.485556,2.921673,2,0,0,
2026-06-20,2026-06-20,"Basil Pesto Exclusive (Target)",active,50,Daily,45.96,18825,19713,1.047171,20,0.101456,2.298,2.331456,0,0,,
2026-06-20,2026-06-20,"Us v. Them",active,50,Daily,49.97,18289,18705,1.022746,22,0.117616,2.271364,2.671478,5,0,0,
2026-06-19,2026-06-19,"Target On Shelves",active,50,Daily,0.15,14,15,1.071429,,,,10,0,0,,
2026-06-19,2026-06-19,"Trio Logo (Whole Foods)",active,50,Daily,47.08,15629,16644,1.064943,6,0.036049,7.846667,2.828647,0,0,,
2026-06-19,2026-06-19,"Frozen Pasta Can't Be That Good",active,50,Daily,0.73,51,52,1.019608,4,7.692308,0.1825,14.038462,2,0,0,
2026-06-19,2026-06-19,"Pasta Tower",inactive,50,Daily,3.83,1345,1353,1.005948,,,,2.830746,0,0,,
2026-06-19,2026-06-19,"Cacio e Pepe Puffs",inactive,50,Daily,60.89,3285,3302,1.005175,216,6.54149,0.281898,18.440339,205,46,0.22439024,1.32369565
2026-06-19,2026-06-19,"Sauce Splash",inactive,50,Daily,30.4,10017,10545,1.05271,6,0.056899,5.066667,2.882883,2,0,0,
2026-06-19,2026-06-19,"Basil Pesto Exclusive (Target)",active,50,Daily,52.66,18214,19390,1.064566,12,0.061888,4.388333,2.715833,0,0,,
2026-06-19,2026-06-19,"Us v. Them",active,50,Daily,46.45,18581,18615,1.00183,18,0.096696,2.580556,2.495299,5,0,0,
2026-06-18,2026-06-18,"Target On Shelves",active,50,Daily,0.18,9,10,1.111111,,,,18,0,0,,
2026-06-18,2026-06-18,"Monthly Rip",inactive,50,Daily,0.05,4,4,1,,,,12.5,0,0,,
2026-06-18,2026-06-18,"Frozen Pasta Can't Be That Good",active,50,Daily,0.48,50,50,1,3,6,0.16,9.6,3,1,0.33333333,0.48
2026-06-18,2026-06-18,"Trio Logo (Whole Foods)",active,50,Daily,55.88,29149,29605,1.015644,36,0.121601,1.552222,1.887519,0,0,,
2026-06-18,2026-06-18,"Cacio e Pepe Puffs",inactive,50,Daily,69.49,4201,4201,1,314,7.474411,0.221306,16.5413,306,70,0.22875817,0.99271429
2026-06-18,2026-06-18,"Pasta Tower",inactive,50,Daily,16,5607,5708,1.018013,7,0.122635,2.285714,2.803083,1,0,0,
2026-06-18,2026-06-18,"Sauce Splash",inactive,50,Daily,46.73,25604,25604,1,35,0.136697,1.335143,1.825105,4,0,0,
2026-06-18,2026-06-18,"Basil Pesto Exclusive (Target)",active,50,Daily,76.85,28798,29422,1.021668,18,0.061179,4.269444,2.611991,0,0,,
2026-06-18,2026-06-18,"Us v. Them",active,50,Daily,43.04,16549,17114,1.034141,13,0.075961,3.310769,2.5149,3,0,0,
2026-06-17,2026-06-17,"Target On Shelves",active,50,Daily,21.66,1335,1353,1.013483,75,5.543237,0.2888,16.008869,68,15,0.22058824,1.444
2026-06-17,2026-06-17,"Monthly Rip",inactive,50,Daily,0.01,1,1,1,,,,10,0,0,,
2026-06-17,2026-06-17,"Frozen Pasta Can't Be That Good",active,50,Daily,9.9,572,621,1.085664,29,4.669887,0.341379,15.942029,20,9,0.45,1.1
2026-06-17,2026-06-17,"Trio Logo (Whole Foods)",active,50,Daily,41.59,17693,18175,1.027242,15,0.082531,2.772667,2.288308,0,0,,
2026-06-17,2026-06-17,"Cacio e Pepe Puffs",inactive,50,Daily,56.76,3681,3760,1.021462,272,7.234043,0.208676,15.095745,264,54,0.20454545,1.05111111
2026-06-17,2026-06-17,"Pasta Tower",inactive,50,Daily,0.98,371,390,1.051213,,,,2.512821,0,0,,
2026-06-17,2026-06-17,"Sauce Splash",inactive,50,Daily,39.69,15195,16174,1.064429,13,0.080376,3.053077,2.453938,4,0,0,
2026-06-17,2026-06-17,"Basil Pesto Exclusive (Target)",active,50,Daily,53.15,21815,23330,1.069448,15,0.064295,3.543333,2.278183,0,0,,
2026-06-17,2026-06-17,"Us v. Them",active,50,Daily,37.69,14968,16065,1.07329,11,0.068472,3.426364,2.346094,2,0,0,
2026-06-16,2026-06-16,"Target On Shelves",active,50,Daily,0.35,10,10,1,,,,35,0,0,,
2026-06-16,2026-06-16,"4 Easy Pasta Dinners",inactive,50,Daily,0.23,9,9,1,2,22.222222,0.115,25.555556,1,0,0,
2026-06-16,2026-06-16,"Frozen Pasta Can't Be That Good",active,50,Daily,27.41,1794,1914,1.06689,83,4.336468,0.330241,14.320794,72,28,0.38888889,0.97892857
2026-06-16,2026-06-16,"Monthly Rip",inactive,50,Daily,0.37,22,26,1.181818,,,,14.230769,0,0,,
2026-06-16,2026-06-16,"Cacio e Pepe Puffs",inactive,50,Daily,15.56,867,875,1.009227,69,7.885714,0.225507,17.782857,64,9,0.140625,1.72888889
2026-06-16,2026-06-16,"Trio Logo (Whole Foods)",active,50,Daily,41.96,17164,18189,1.059718,11,0.060476,3.814545,2.306889,0,0,,
2026-06-16,2026-06-16,"Pasta Tower",inactive,50,Daily,9.46,3745,3901,1.041656,1,0.025634,9.46,2.425019,0,0,,
2026-06-16,2026-06-16,"Sauce Splash",inactive,50,Daily,64.24,37511,37511,1,61,0.162619,1.053115,1.712564,15,0,0,
2026-06-16,2026-06-16,"Basil Pesto Exclusive (Target)",active,50,Daily,55.87,24557,25598,1.042391,23,0.089851,2.42913,2.182592,0,0,,
2026-06-16,2026-06-16,"Us v. Them",active,50,Daily,69.91,41061,42032,1.023648,70,0.16654,0.998714,1.663257,11,0,0,
2026-06-15,2026-06-15,"Target On Shelves",active,50,Daily,18.38,1337,1438,1.075542,61,4.242003,0.301311,12.781641,56,8,0.14285714,2.2975
2026-06-15,2026-06-15,"Monthly Rip",inactive,50,Daily,0.33,17,18,1.058824,1,5.555556,0.33,18.333333,0,0,,
2026-06-15,2026-06-15,"Frozen Pasta Can't Be That Good",active,50,Daily,42.09,2789,2921,1.047329,93,3.183841,0.452581,14.409449,79,28,0.35443038,1.50321429
2026-06-15,2026-06-15,"Trio Logo (Whole Foods)",active,50,Daily,38.04,15942,15956,1.000878,6,0.037603,6.34,2.384056,0,0,,
2026-06-15,2026-06-15,"Cacio e Pepe Puffs",inactive,50,Daily,13.74,762,784,1.028871,55,7.015306,0.249818,17.52551,53,16,0.30188679,0.85875
2026-06-15,2026-06-15,"Pasta Tower",inactive,50,Daily,1.83,709,722,1.018336,1,0.138504,1.83,2.534626,0,0,,
2026-06-15,2026-06-15,"Sauce Splash",inactive,50,Daily,46.55,18459,19242,1.042418,12,0.062364,3.879167,2.419187,2,0,0,
2026-06-15,2026-06-15,"Basil Pesto Exclusive (Target)",active,50,Daily,52.87,23300,23670,1.01588,15,0.063371,3.524667,2.233629,0,0,,
2026-06-15,2026-06-15,"Us v. Them",active,50,Daily,51.77,23225,23225,1,27,0.116254,1.917407,2.229064,6,0,0,
2026-06-14,2026-06-14,"Target On Shelves",active,50,Daily,4.27,221,223,1.00905,15,6.726457,0.284667,19.147982,14,3,0.21428571,1.42333333
2026-06-14,2026-06-14,"Trio Logo (Whole Foods)",active,50,Daily,48.3,19744,20495,1.038037,19,0.092706,2.542105,2.356672,0,0,,
2026-06-14,2026-06-14,"Frozen Pasta Can't Be That Good",active,50,Daily,66.96,4644,4887,1.052326,174,3.560467,0.384828,13.701657,146,68,0.46575342,0.98470588
2026-06-14,2026-06-14,"Dark Lifestyle",inactive,50,Daily,0.34,145,146,1.006897,,,,2.328767,0,0,,
2026-06-14,2026-06-14,"Cacio e Pepe Puffs",inactive,50,Daily,10.28,451,465,1.031042,33,7.096774,0.311515,22.107527,32,4,0.125,2.57
2026-06-14,2026-06-14,"Pasta Tower",inactive,50,Daily,0.86,319,330,1.034483,,,,2.606061,0,0,,
2026-06-14,2026-06-14,"Sauce Splash",inactive,50,Daily,3.57,1355,1391,1.026568,1,0.071891,3.57,2.566499,0,0,,
2026-06-14,2026-06-14,"Us v. Them",inactive,50,Daily,46.46,23567,24047,1.020367,33,0.137231,1.407879,1.93205,8,0,0,
2026-06-14,2026-06-14,"Basil Pesto Exclusive (Target)",active,50,Daily,55.4,25704,26034,1.012838,19,0.072981,2.915789,2.127986,2,0,0,
2026-06-14,2026-06-14,"Us v. Them",active,50,Daily,51.16,25999,26311,1.012,39,0.148227,1.311795,1.944434,3,0,0,
2026-06-13,2026-06-13,"Frozen Pasta Can't Be That Good",active,50,Daily,59.26,3602,3767,1.045808,153,4.061587,0.38732,15.731351,124,45,0.36290323,1.31688889
2026-06-13,2026-06-13,"4 Easy Pasta Dinners",inactive,50,Daily,0.06,4,4,1,,,,15,0,0,,
2026-06-13,2026-06-13,"Trio Logo (Whole Foods)",active,50,Daily,35.6,15052,15274,1.014749,11,0.072018,3.236364,2.330758,0,0,,
2026-06-13,2026-06-13,"Pasta Tower",inactive,50,Daily,0.09,46,47,1.021739,,,,1.914894,0,0,,
2026-06-13,2026-06-13,"Sauce Splash",inactive,50,Daily,0.05,16,16,1,,,,3.125,0,0,,
2026-06-13,2026-06-13,"Us v. Them",inactive,50,Daily,42.48,20756,21200,1.021391,28,0.132075,1.517143,2.003774,4,0,0,
2026-06-13,2026-06-13,"Basil Pesto Exclusive (Target)",active,50,Daily,63.71,43588,43853,1.00608,78,0.177867,0.816795,1.452808,0,0,,
2026-06-13,2026-06-13,"Us v. Them",active,50,Daily,40.77,16589,17245,1.039544,15,0.086982,2.718,2.364164,8,0,0,
2026-06-12,2026-06-12,"Target On Shelves",active,50,Daily,1.56,100,103,1.03,3,2.912621,0.52,15.145631,1,0,0,
2026-06-12,2026-06-12,"Trio Logo (Whole Foods)",active,50,Daily,46.23,19087,20222,1.059465,13,0.064286,3.556154,2.286124,0,0,,
2026-06-12,2026-06-12,"Frozen Pasta Can't Be That Good",active,50,Daily,69.46,4561,4796,1.051524,164,3.419516,0.423537,14.482902,132,51,0.38636364,1.36196078
2026-06-12,2026-06-12,"Dark Lifestyle",inactive,50,Daily,1.53,660,676,1.024242,,,,2.263314,0,0,,
2026-06-12,2026-06-12,"Cacio e Pepe Puffs",inactive,50,Daily,1.26,50,53,1.06,3,5.660377,0.42,23.773585,3,2,0.66666667,0.63
2026-06-12,2026-06-12,"Us v. Them",inactive,50,Daily,49.13,18662,19380,1.038474,10,0.0516,4.913,2.535088,2,0,0,
2026-06-12,2026-06-12,"Basil Pesto Exclusive (Target)",active,50,Daily,50.22,21922,21925,1.000137,10,0.04561,5.022,2.290536,0,0,,
2026-06-12,2026-06-12,"Us v. Them",active,50,Daily,43.34,15798,16607,1.051209,9,0.054194,4.815556,2.609743,3,0,0,
2026-06-11,2026-06-11,"Frozen Pasta Can't Be That Good",active,50,Daily,87.67,6227,6511,1.045608,233,3.578559,0.376266,13.464906,197,63,0.31979695,1.3915873
2026-06-11,2026-06-11,"Monthly Rip",inactive,50,Daily,4.39,186,199,1.069892,3,1.507538,1.463333,22.060302,0,0,,
2026-06-11,2026-06-11,"Basil Pesto x Caraway",inactive,50,Daily,4.97,118,120,1.016949,9,7.5,0.552222,41.416667,8,3,0.375,1.65666667
2026-06-11,2026-06-11,"Trio Logo (Whole Foods)",active,50,Daily,42.48,17909,18084,1.009772,15,0.082946,2.832,2.349038,0,0,,
2026-06-11,2026-06-11,"Dark Lifestyle",inactive,50,Daily,0.21,160,162,1.0125,,,,1.296296,0,0,,
2026-06-11,2026-06-11,"Pasta Tower",inactive,50,Daily,2.48,1042,1042,1,,,,2.380038,0,0,,
2026-06-11,2026-06-11,"Sauce Splash",inactive,50,Daily,1.01,440,453,1.029545,,,,2.229581,0,0,,
2026-06-11,2026-06-11,"Us v. Them",inactive,50,Daily,38.56,15177,16669,1.098307,10,0.059992,3.856,2.313276,3,0,0,
2026-06-11,2026-06-11,"Basil Pesto Exclusive (Target)",active,50,Daily,45.11,23410,23670,1.011106,23,0.097169,1.961304,1.905788,0,0,,
2026-06-11,2026-06-11,"Us v. Them",active,50,Daily,35.73,15219,15606,1.025429,11,0.070486,3.248182,2.289504,1,0,0,
2026-06-10,2026-06-10,"Target On Shelves",active,50,Daily,8.66,657,657,1,41,6.240487,0.21122,13.181126,38,7,0.18421053,1.23714286
2026-06-10,2026-06-10,"4 Easy Pasta Dinners",inactive,50,Daily,3.41,160,172,1.075,8,4.651163,0.42625,19.825581,6,1,0.16666667,3.41
2026-06-10,2026-06-10,"Frozen Pasta Can't Be That Good",active,50,Daily,51.77,3480,3751,1.077874,113,3.01253,0.458142,13.801653,91,24,0.26373626,2.15708333
2026-06-10,2026-06-10,"Monthly Rip",inactive,50,Daily,19.5,896,1027,1.146205,22,2.142162,0.886364,18.987342,12,3,0.25,6.5
2026-06-10,2026-06-10,"Cacio e Pepe Puffs",inactive,50,Daily,0.05,5,5,1,,,,10,0,0,,
2026-06-10,2026-06-10,"Trio Logo (Whole Foods)",active,50,Daily,44.08,24438,24501,1.002578,34,0.13877,1.296471,1.79911,0,0,,
2026-06-10,2026-06-10,"Dark Lifestyle",inactive,50,Daily,1.42,568,568,1,1,0.176056,1.42,2.5,0,0,,
2026-06-10,2026-06-10,"Pasta Tower",inactive,50,Daily,0.03,11,12,1.090909,,,,2.5,0,0,,
2026-06-10,2026-06-10,"Sauce Splash",inactive,50,Daily,1.8,1059,1102,1.040604,6,0.544465,0.3,1.633394,0,0,,
2026-06-10,2026-06-10,"Us v. Them",inactive,50,Daily,37.07,18625,18864,1.012832,25,0.132528,1.4828,1.965119,4,0,0,
2026-06-10,2026-06-10,"Basil Pesto Exclusive (Target)",active,50,Daily,43.83,23055,24284,1.053307,20,0.082359,2.1915,1.804892,0,0,,
2026-06-10,2026-06-10,"Us v. Them",active,50,Daily,72.09,44066,44066,1,75,0.170199,0.9612,1.635955,17,0,0,
2026-06-09,2026-06-09,"Target On Shelves",active,50,Daily,1.63,117,120,1.025641,5,4.166667,0.326,13.583333,4,2,0.5,0.815
2026-06-09,2026-06-09,"4 Easy Pasta Dinners",inactive,50,Daily,1.31,81,87,1.074074,,,,15.057471,0,0,,
2026-06-09,2026-06-09,"Frozen Pasta Can't Be That Good",active,50,Daily,0.04,2,2,1,,,,20,0,0,,
2026-06-09,2026-06-09,"Monthly Rip",inactive,50,Daily,5.18,200,216,1.08,7,3.240741,0.74,23.981481,2,0,0,
2026-06-09,2026-06-09,"Cacio e Pepe Puffs",inactive,50,Daily,25.7,1757,1757,1,118,6.715993,0.217797,14.627205,114,25,0.21929825,1.028
2026-06-09,2026-06-09,"Basil Pesto x Caraway",inactive,50,Daily,0.4,22,23,1.045455,1,4.347826,0.4,17.391304,1,0,0,
2026-06-09,2026-06-09,"Trio Logo (Whole Foods)",active,50,Daily,29.69,12344,13188,1.068373,5,0.037913,5.938,2.251289,0,0,,
2026-06-09,2026-06-09,"Us v. Them (Whole Foods)",inactive,50,Daily,13.02,6755,7101,1.051221,5,0.070413,2.604,1.833545,1,0,0,
2026-06-09,2026-06-09,"Us v. Them (Target)",inactive,50,Daily,13.26,6303,6303,1,3,0.047596,4.42,2.10376,0,0,,
2026-06-09,2026-06-09,"Dark Lifestyle",inactive,50,Daily,0.55,247,249,1.008097,,,,2.208835,0,0,,
2026-06-09,2026-06-09,"Sauce Splash",inactive,50,Daily,0.34,171,171,1,,,,1.988304,0,0,,
2026-06-09,2026-06-09,"Us v. Them",inactive,50,Daily,39,18442,18911,1.025431,20,0.105759,1.95,2.062292,4,0,0,
2026-06-09,2026-06-09,"Basil Pesto Exclusive (Target)",active,50,Daily,49.09,34017,34017,1,43,0.126407,1.141628,1.443102,0,0,,
2026-06-09,2026-06-09,"Founder Message",inactive,50,Daily,0.17,16,17,1.0625,1,5.882353,0.17,10,1,0,0,
2026-06-09,2026-06-09,"Us v. Them",active,50,Daily,44.35,18712,20203,1.079681,7,0.034648,6.335714,2.195219,0,0,,
2026-06-08,2026-06-08,"Frozen Pasta Can't Be That Good",active,50,Daily,8.13,631,667,1.057052,28,4.197901,0.290357,12.188906,18,5,0.27777778,1.626
2026-06-08,2026-06-08,"Founder Content",inactive,50,Daily,0.02,1,1,1,,,,20,0,0,,
2026-06-08,2026-06-08,"Cacio e Pepe Puffs",inactive,50,Daily,56.87,4477,4566,1.019879,328,7.18353,0.173384,12.455103,318,57,0.17924528,0.9977193
2026-06-08,2026-06-08,"Trio Logo (Whole Foods)",active,50,Daily,5.21,6437,6437,1,6,0.093211,0.868333,0.809383,0,0,,
2026-06-08,2026-06-08,"Us v. Them (Whole Foods)",inactive,50,Daily,31.57,17948,17948,1,10,0.055717,3.157,1.75897,3,0,0,
2026-06-08,2026-06-08,"Us v. Them (Target)",inactive,50,Daily,41.02,21419,21619,1.009338,28,0.129516,1.465,1.897405,12,0,0,
2026-06-08,2026-06-08,"Pasta Tower",inactive,50,Daily,0.97,483,489,1.012422,,,,1.98364,0,0,,
2026-06-08,2026-06-08,"Sauce Splash",inactive,50,Daily,1,513,513,1,,,,1.949318,0,0,,
2026-06-08,2026-06-08,"Us v. Them",inactive,50,Daily,82.79,60361,60579,1.003612,99,0.163423,0.836263,1.366645,24,0,0,
2026-06-08,2026-06-08,"Basil Pesto Exclusive (Target)",active,50,Daily,0.18,77,81,1.051948,,,,2.222222,0,0,,
2026-06-08,2026-06-08,"Founder Message",inactive,50,Daily,1.37,135,136,1.007407,12,8.823529,0.114167,10.073529,12,1,0.08333333,1.37
2026-06-08,2026-06-08,"Us v. Them",active,50,Daily,64.41,39444,39444,1,67,0.169861,0.961343,1.632948,15,0,0,
2026-06-08,2026-06-08,"Cacio e Pepe Hero Image",inactive,50,Daily,0.32,145,148,1.02069,,,,2.162162,0,0,,
2026-06-07,2026-06-07,"Target On Shelves",active,50,Daily,0.75,35,35,1,,,,21.428571,0,0,,
2026-06-07,2026-06-07,"Basil Pesto x Caraway",inactive,50,Daily,0.02,1,1,1,,,,20,0,0,,
2026-06-07,2026-06-07,"Frozen Pasta Can't Be That Good",active,50,Daily,18.02,1412,1446,1.024079,62,4.28769,0.290645,12.461964,53,19,0.35849057,0.94842105
2026-06-07,2026-06-07,"Founder Content",inactive,50,Daily,0,2,2,1,,,,0,0,0,,
2026-06-07,2026-06-07,"Cacio e Pepe Puffs",inactive,50,Daily,57.54,4854,4970,1.023898,315,6.338028,0.182667,11.577465,313,66,0.21086262,0.87181818
2026-06-07,2026-06-07,"Trio Logo (Whole Foods)",active,50,Daily,50.14,50255,50570,1.006268,43,0.085031,1.166047,0.991497,0,0,,
2026-06-07,2026-06-07,"Us v. Them (Whole Foods)",inactive,50,Daily,34.92,46927,46927,1,50,0.106548,0.6984,0.744135,12,0,0,
2026-06-07,2026-06-07,"Us v. Them (Target)",inactive,50,Daily,54.69,27619,27619,1,20,0.072414,2.7345,1.980159,3,1,0.33333333,54.69
2026-06-07,2026-06-07,"Dark Lifestyle",inactive,50,Daily,0.31,169,169,1,,,,1.83432,0,0,,
2026-06-07,2026-06-07,"Sauce Splash",inactive,50,Daily,3.07,1775,1775,1,1,0.056338,3.07,1.729577,1,0,0,
2026-06-07,2026-06-07,"Us v. Them",inactive,50,Daily,46.07,23428,23428,1,14,0.059758,3.290714,1.96645,4,0,0,
2026-06-07,2026-06-07,"Basil Pesto Exclusive (Target)",active,50,Daily,1.75,1059,1077,1.016997,2,0.185701,0.875,1.624884,0,0,,
2026-06-07,2026-06-07,"Us v. Them",active,50,Daily,48.98,23868,24354,1.020362,18,0.07391,2.721111,2.011169,3,0,0,
2026-06-06,2026-06-06,"Target On Shelves",active,50,Daily,0.09,7,7,1,,,,12.857143,0,0,,
2026-06-06,2026-06-06,"Trio Logo (Whole Foods)",active,50,Daily,0.13,70,70,1,,,,1.857143,0,0,,
2026-06-06,2026-06-06,"Frozen Pasta Can't Be That Good",active,50,Daily,8.86,693,700,1.010101,30,4.285714,0.295333,12.657143,26,10,0.38461538,0.886
2026-06-06,2026-06-06,"Us v. Them (Whole Foods)",inactive,50,Daily,4.29,4063,4241,1.04381,8,0.188635,0.53625,1.011554,0,0,,
2026-06-06,2026-06-06,"Cacio e Pepe Puffs",inactive,50,Daily,47.15,3670,3670,1,273,7.438692,0.172711,12.847411,276,55,0.19927536,0.85727273
2026-06-06,2026-06-06,"Us v. Them (Target)",inactive,50,Daily,19.67,10599,10599,1,2,0.01887,9.835,1.855835,1,0,0,
2026-06-06,2026-06-06,"Dark Lifestyle",inactive,50,Daily,0.04,38,38,1,,,,1.052632,0,0,,
2026-06-06,2026-06-06,"Pasta Tower",inactive,50,Daily,3.52,2284,2284,1,1,0.043783,3.52,1.541156,0,0,,
2026-06-06,2026-06-06,"Sauce Splash",inactive,50,Daily,1.25,743,743,1,,,,1.682369,0,0,,
2026-06-06,2026-06-06,"Us v. Them",inactive,50,Daily,54.36,29636,29636,1,18,0.060737,3.02,1.834256,3,0,0,
2026-06-06,2026-06-06,"Basil Pesto Exclusive (Target)",active,50,Daily,1.73,951,966,1.015773,,,,1.79089,0,0,,
2026-06-06,2026-06-06,"Us v. Them",active,50,Daily,53.7,29238,29325,1.002976,15,0.051151,3.58,1.831202,8,0,0,
2026-06-06,2026-06-06,"Cacio e Pepe Hero Image",inactive,50,Daily,1.05,617,630,1.02107,,,,1.666667,0,0,,
2026-06-05,2026-06-05,"Target On Shelves",active,50,Daily,6.73,512,513,1.001953,23,4.483431,0.292609,13.118908,23,4,0.17391304,1.6825
2026-06-05,2026-06-05,"Basil Pesto x Caraway",inactive,50,Daily,2.01,109,111,1.018349,4,3.603604,0.5025,18.108108,3,1,0.33333333,2.01
2026-06-05,2026-06-05,"Frozen Pasta Can't Be That Good",active,50,Daily,52.15,3638,3934,1.081363,162,4.117946,0.321914,13.256228,126,44,0.34920635,1.18522727
2026-06-05,2026-06-05,"Trio Logo (Whole Foods)",active,50,Daily,5.53,4684,4684,1,5,0.106746,1.106,1.180615,0,0,,
2026-06-05,2026-06-05,"Cacio e Pepe Puffs",inactive,50,Daily,17.39,1129,1160,1.027458,68,5.862069,0.255735,14.991379,67,10,0.14925373,1.739
2026-06-05,2026-06-05,"Us v. Them (Whole Foods)",inactive,50,Daily,8.46,6027,6073,1.007632,7,0.115264,1.208571,1.393051,3,0,0,
2026-06-05,2026-06-05,"Us v. Them (Target)",inactive,50,Daily,25.53,12128,12844,1.059037,9,0.070072,2.836667,1.987699,2,0,0,
2026-06-05,2026-06-05,"Dark Lifestyle",inactive,50,Daily,0.28,114,115,1.008772,,,,2.434783,0,0,,
2026-06-05,2026-06-05,"Sauce Splash",inactive,50,Daily,7.41,4734,4734,1,9,0.190114,0.823333,1.565273,1,0,0,
2026-06-05,2026-06-05,"Us v. Them",inactive,50,Daily,47.7,21629,22717,1.050303,18,0.079236,2.65,2.099749,2,0,0,
2026-06-05,2026-06-05,"Basil Pesto Exclusive (Target)",active,50,Daily,2.36,1585,1585,1,2,0.126183,1.18,1.488959,0,0,,
2026-06-05,2026-06-05,"Founder Message",inactive,50,Daily,0.06,5,5,1,,,,12,0,0,,
2026-06-05,2026-06-05,"Us v. Them",active,50,Daily,49,23115,23741,1.027082,23,0.096879,2.130435,2.06394,1,0,0,
2026-06-05,2026-06-05,"Cacio e Pepe Hero Image",inactive,50,Daily,0.76,438,444,1.013699,,,,1.711712,0,0,,
2026-06-04,2026-06-04,"Target On Shelves",active,50,Daily,1.75,75,77,1.026667,3,3.896104,0.583333,22.727273,3,0,0,
2026-06-04,2026-06-04,"Basil Pesto x Caraway",inactive,50,Daily,27.43,1187,1226,1.032856,55,4.486134,0.498727,22.373573,50,12,0.24,2.28583333
2026-06-04,2026-06-04,"Frozen Pasta Can't Be That Good",active,50,Daily,1.96,90,91,1.011111,2,2.197802,0.98,21.538462,0,0,,
2026-06-04,2026-06-04,"Founder Content",inactive,50,Daily,0.06,5,5,1,,,,12,0,0,,
2026-06-04,2026-06-04,"Cacio e Pepe Puffs",inactive,50,Daily,37.88,2517,2522,1.001986,154,6.106265,0.245974,15.019826,154,19,0.12337662,1.99368421
2026-06-04,2026-06-04,"Trio Logo (Whole Foods)",active,50,Daily,2.27,3684,3704,1.005429,6,0.161987,0.378333,0.612851,0,0,,
2026-06-04,2026-06-04,"Us v. Them (Whole Foods)",inactive,50,Daily,31.78,16859,17222,1.021532,14,0.081291,2.27,1.845314,3,0,0,
2026-06-04,2026-06-04,"Us v. Them (Target)",inactive,50,Daily,26.04,12182,12437,1.020933,21,0.168851,1.24,2.093753,4,0,0,
2026-06-04,2026-06-04,"Dark Lifestyle",inactive,50,Daily,0.11,54,57,1.055556,,,,1.929825,0,0,,
2026-06-04,2026-06-04,"Pasta Tower",inactive,50,Daily,0.74,322,323,1.003106,,,,2.291022,0,0,,
2026-06-04,2026-06-04,"Sauce Splash",inactive,50,Daily,0.54,237,240,1.012658,,,,2.25,0,0,,
2026-06-04,2026-06-04,"Us v. Them",inactive,50,Daily,51.28,22608,23920,1.058033,13,0.054348,3.944615,2.143813,3,0,0,
2026-06-04,2026-06-04,"Basil Pesto Exclusive (Target)",active,50,Daily,17.33,10276,10493,1.021117,14,0.133422,1.237857,1.651577,0,0,,
2026-06-04,2026-06-04,"Founder Message",inactive,50,Daily,10.17,832,851,1.022837,54,6.345476,0.188333,11.950646,55,6,0.10909091,1.695
2026-06-04,2026-06-04,"Us v. Them",active,50,Daily,48.64,20429,21872,1.070635,11,0.050293,4.421818,2.223848,4,0,0,
2026-06-04,2026-06-04,"Cacio e Pepe Hero Image",inactive,50,Daily,0.59,240,245,1.020833,,,,2.408163,0,0,,
2026-06-03,2026-06-03,"Target On Shelves",active,50,Daily,0.03,1,1,1,,,,30,0,0,,
2026-06-03,2026-06-03,"Basil Pesto x Caraway",inactive,50,Daily,64.14,2191,2336,1.06618,120,5.136986,0.5345,27.457192,108,33,0.30555556,1.94363636
2026-06-03,2026-06-03,"Frozen Pasta Can't Be That Good",active,50,Daily,2.4,136,137,1.007353,6,4.379562,0.4,17.518248,4,2,0.5,1.2
2026-06-03,2026-06-03,"Founder Content",inactive,50,Daily,1.14,61,61,1,8,13.114754,0.1425,18.688525,8,1,0.125,1.14
2026-06-03,2026-06-03,"Cacio e Pepe Puffs",inactive,50,Daily,1.42,135,135,1,7,5.185185,0.202857,10.518519,6,1,0.16666667,1.42
2026-06-03,2026-06-03,"Trio Logo (Whole Foods)",active,50,Daily,15.38,8510,8768,1.030317,6,0.068431,2.563333,1.754106,0,0,,
2026-06-03,2026-06-03,"Us v. Them (Whole Foods)",inactive,50,Daily,38.63,16474,17467,1.060277,13,0.074426,2.971538,2.211599,2,0,0,
2026-06-03,2026-06-03,"Us v. Them (Target)",inactive,50,Daily,32.34,15239,15239,1,17,0.111556,1.902353,2.122187,4,0,0,
2026-06-03,2026-06-03,"Dark Lifestyle",inactive,50,Daily,1,473,485,1.02537,,,,2.061856,0,0,,
2026-06-03,2026-06-03,"Pasta Tower",inactive,50,Daily,8.37,4378,4453,1.017131,3,0.06737,2.79,1.879632,1,0,0,
2026-06-03,2026-06-03,"Us v. Them",inactive,50,Daily,32,14685,15633,1.064556,9,0.057571,3.555556,2.046952,3,0,0,
2026-06-03,2026-06-03,"Basil Pesto Exclusive (Target)",active,50,Daily,33.44,17147,17794,1.037733,22,0.123637,1.52,1.879285,0,0,,
2026-06-03,2026-06-03,"Founder Message",inactive,50,Daily,9.8,847,860,1.015348,49,5.697674,0.2,11.395349,48,2,0.04166667,4.9
2026-06-03,2026-06-03,"Us v. Them",active,50,Daily,47.76,22508,22508,1,17,0.075529,2.809412,2.121912,0,0,,
2026-06-03,2026-06-03,"Cacio e Pepe Hero Image",inactive,50,Daily,0.49,233,237,1.017167,,,,2.067511,0,0,,
2026-06-02,2026-06-02,"Target On Shelves",active,50,Daily,7.08,386,394,1.020725,20,5.076142,0.354,17.969543,13,6,0.46153846,1.18
2026-06-02,2026-06-02,"Basil Pesto x Caraway",inactive,50,Daily,11.37,256,280,1.09375,18,6.428571,0.631667,40.607143,3,2,0.66666667,5.685
2026-06-02,2026-06-02,"Frozen Pasta Can't Be That Good",active,50,Daily,1.71,121,122,1.008264,4,3.278689,0.4275,14.016393,1,1,1,1.71
2026-06-02,2026-06-02,"Founder Content",inactive,50,Daily,12.15,767,817,1.065189,50,6.119951,0.243,14.871481,49,4,0.08163265,3.0375
2026-06-02,2026-06-02,"Cacio e Pepe Puffs",inactive,50,Daily,20.21,1221,1236,1.012285,71,5.744337,0.284648,16.351133,66,7,0.10606061,2.88714286
2026-06-02,2026-06-02,"Trio Logo (Whole Foods)",active,50,Daily,26.17,49118,50822,1.034692,108,0.212506,0.242315,0.514934,0,0,,
2026-06-02,2026-06-02,"Us v. Them (Whole Foods)",inactive,50,Daily,78.83,65999,65999,1,151,0.228791,0.522053,1.194412,25,0,0,
2026-06-02,2026-06-02,"Us v. Them (Target)",inactive,50,Daily,55.15,45251,45512,1.005768,118,0.259272,0.467373,1.211768,18,0,0,
2026-06-02,2026-06-02,"Dark Lifestyle",inactive,50,Daily,6.39,2701,2820,1.044058,2,0.070922,3.195,2.265957,0,0,,
2026-06-02,2026-06-02,"Pasta Tower",inactive,50,Daily,8.33,4015,4159,1.035866,6,0.144265,1.388333,2.002885,0,0,,
2026-06-02,2026-06-02,"Sauce Splash",inactive,50,Daily,0.32,361,370,1.024931,,,,0.864865,0,0,,
2026-06-02,2026-06-02,"Us v. Them",inactive,50,Daily,27.59,19473,19518,1.002311,30,0.153704,0.919667,1.413567,6,0,0,
2026-06-02,2026-06-02,"Basil Pesto Exclusive (Target)",active,50,Daily,49.85,65656,67521,1.028406,161,0.238444,0.309627,0.738289,0,0,,
2026-06-02,2026-06-02,"Founder Message",inactive,50,Daily,0.22,14,14,1,1,7.142857,0.22,15.714286,1,0,0,
2026-06-02,2026-06-02,"Us v. Them",active,50,Daily,54.15,24019,25496,1.061493,22,0.086288,2.461364,2.123863,4,0,0,
2026-06-02,2026-06-02,"Basil Pesto Exclusive",not_delivering,50,Daily,5.22,2958,2960,1.000676,1,0.033784,5.22,1.763514,0,0,,
2026-06-01,2026-06-01,"Target On Shelves",active,50,Daily,29.62,2063,2123,1.029084,106,4.992935,0.279434,13.951955,94,24,0.25531915,1.23416667
2026-06-01,2026-06-01,"Basil Pesto x Caraway",inactive,50,Daily,0.9,18,18,1,,,,50,0,0,,
2026-06-01,2026-06-01,"Frozen Pasta Can't Be That Good",active,50,Daily,8.71,656,668,1.018293,27,4.041916,0.322593,13.038922,16,7,0.4375,1.24428571
2026-06-01,2026-06-01,"Founder Content",inactive,50,Daily,8.97,757,777,1.02642,24,3.088803,0.37375,11.544402,24,0,0,
2026-06-01,2026-06-01,"Cacio e Pepe Puffs",inactive,50,Daily,11.92,858,875,1.019814,55,6.285714,0.216727,13.622857,57,14,0.24561404,0.85142857
2026-06-01,2026-06-01,"Trio Logo (Whole Foods)",active,50,Daily,79.84,82682,82682,1,184,0.222539,0.433913,0.965627,0,0,,
2026-06-01,2026-06-01,"Us v. Them (Whole Foods)",inactive,50,Daily,25.16,24715,25325,1.024681,47,0.185587,0.535319,0.993485,13,0,0,
2026-06-01,2026-06-01,"Us v. Them (Target)",inactive,50,Daily,52.15,42309,42309,1,107,0.252901,0.487383,1.232598,34,0,0,
2026-06-01,2026-06-01,"Pasta Tower",inactive,50,Daily,1.02,3152,3152,1,4,0.126904,0.255,0.323604,0,0,,
2026-06-01,2026-06-01,"Sauce Splash",inactive,50,Daily,0.97,560,583,1.041071,,,,1.663808,0,0,,
2026-06-01,2026-06-01,"Us v. Them",inactive,50,Daily,11.18,6867,7069,1.029416,7,0.099024,1.597143,1.581553,0,0,,
2026-06-01,2026-06-01,"Basil Pesto Exclusive (Target)",active,50,Daily,0,2,2,1,,,,0,0,0,,
2026-06-01,2026-06-01,"Founder Message",inactive,50,Daily,0.21,6,6,1,1,16.666667,0.21,35,1,0,0,
2026-06-01,2026-06-01,"Us v. Them",active,50,Daily,45.61,20866,22630,1.084539,7,0.030932,6.515714,2.015466,2,0,0,
2026-06-01,2026-06-01,"Cacio e Pepe Hero Image",inactive,50,Daily,0.52,236,246,1.042373,,,,2.113821,0,0,,
2026-06-01,2026-06-01,"Basil Pesto Exclusive",not_delivering,50,Daily,32.03,18433,19006,1.031086,25,0.131537,1.2812,1.685257,0,0,,
