"Reporting starts","Reporting ends","Ad set name","Ad set delivery","Ad set budget","Ad set budget type","Amount spent (USD)",Reach,Impressions,Frequency,"Link clicks","CTR (link click-through rate)","CPC (cost per link click) (USD)","CPM (cost per 1,000 impressions) (USD)","Instagram profile visits","Instagram follows","IG Follow Rate","Cost Per Follow (CPF)"
2026-06-30,2026-06-30,"Joe Audience Test",active,50,Daily,53.33,5813,5970,1.027008,639,10.703518,0.083459,8.932998,640,5,0.0078125,10.666
2026-06-30,2026-06-30,"Target Evergreen Campaign",active,50,Daily,41.34,16536,17111,1.034773,6,0.035065,6.89,2.41599,0,0,,
2026-06-30,2026-06-30,"Whole Foods Evergreen Campaign",active,50,Daily,48,17644,18263,1.035083,10,0.054756,4.8,2.628265,0,0,,
2026-06-30,2026-06-30,"Audience Test (Parents + Cooking)",active,50,Daily,57.25,25577,25577,1,30,0.117293,1.908333,2.238339,9,0,0,
2026-06-30,2026-06-30,"Existing Posts",active,50,Daily,51.06,3153,3301,1.046939,136,4.119964,0.375441,15.46804,117,35,0.2991453,1.45885714
2026-06-29,2026-06-29,"Joe Audience Test",active,50,Daily,48.99,5053,5089,1.007124,514,10.100216,0.095311,9.626646,511,9,0.01761252,5.44333333
2026-06-29,2026-06-29,"Target Evergreen Campaign",active,50,Daily,39.68,16833,17421,1.034931,17,0.097583,2.334118,2.277711,0,0,,
2026-06-29,2026-06-29,"Whole Foods Evergreen Campaign",active,50,Daily,35.44,13228,13961,1.055413,11,0.078791,3.221818,2.5385,0,0,,
2026-06-29,2026-06-29,"Audience Test (Parents + Cooking)",active,50,Daily,49.05,16988,18152,1.068519,9,0.049581,5.45,2.702182,2,0,0,
2026-06-29,2026-06-29,"Existing Posts",active,50,Daily,58.71,3985,4075,1.022585,184,4.515337,0.319076,14.407362,164,47,0.28658537,1.24914894
2026-06-28,2026-06-28,"Joe Audience Test",active,50,Daily,56.38,5677,5694,1.002995,627,11.011591,0.08992,9.901651,624,9,0.01442308,6.26444444
2026-06-28,2026-06-28,"Target Evergreen Campaign",active,50,Daily,44.87,15940,16899,1.060163,4,0.02367,11.2175,2.655187,0,0,,
2026-06-28,2026-06-28,"Whole Foods Evergreen Campaign",active,50,Daily,45.39,18151,19045,1.049253,11,0.057758,4.126364,2.383303,0,0,,
2026-06-28,2026-06-28,"Audience Test (Parents + Cooking)",active,50,Daily,49.73,19526,20070,1.02786,12,0.059791,4.144167,2.477828,2,0,0,
2026-06-28,2026-06-28,"Existing Posts",active,50,Daily,53.96,3211,3360,1.046403,127,3.779762,0.424882,16.059524,112,38,0.33928571,1.42
2026-06-27,2026-06-27,"Joe Audience Test",active,50,Daily,44.15,4120,4120,1,423,10.26699,0.104374,10.716019,424,13,0.03066038,3.39615385
2026-06-27,2026-06-27,"Target Evergreen Campaign",active,50,Daily,14.27,5852,5959,1.018284,2,0.033563,7.135,2.394697,0,0,,
2026-06-27,2026-06-27,"Whole Foods Evergreen Campaign",active,50,Daily,18.53,8093,8223,1.016063,7,0.085127,2.647143,2.253435,0,0,,
2026-06-27,2026-06-27,"Target Promo",inactive,50,Daily,14.63,6206,6519,1.050435,2,0.03068,7.315,2.244209,0,0,,
2026-06-27,2026-06-27,"Audience Test (Parents + Cooking)",active,50,Daily,44.47,18941,19797,1.045193,27,0.136384,1.647037,2.2463,5,0,0,
2026-06-27,2026-06-27,"Existing Posts",active,50,Daily,46.43,2759,2834,1.027184,128,4.516584,0.362734,16.383204,109,39,0.35779817,1.19051282
2026-06-26,2026-06-26,"Joe Audience Test",active,50,Daily,46,4166,4185,1.004561,347,8.291517,0.132565,10.991637,350,9,0.02571429,5.11111111
2026-06-26,2026-06-26,"Target Evergreen Campaign",active,50,Daily,53.72,32479,33341,1.02654,49,0.146966,1.096327,1.611229,0,0,,
2026-06-26,2026-06-26,"Whole Foods Evergreen Campaign",active,50,Daily,26.55,9417,9417,1,5,0.053095,5.31,2.819369,1,0,0,
2026-06-26,2026-06-26,"Target Promo",inactive,50,Daily,40.19,17567,18150,1.033187,18,0.099174,2.232778,2.214325,2,0,0,
2026-06-26,2026-06-26,"Audience Test (Parents + Cooking)",active,50,Daily,51.37,18622,19296,1.036194,28,0.145108,1.834643,2.66221,6,0,0,
2026-06-26,2026-06-26,"Existing Posts",active,50,Daily,48.09,2623,2743,1.045749,107,3.900839,0.449439,17.531899,93,27,0.29032258,1.78111111
2026-06-25,2026-06-25,"Joe Audience Test",active,50,Daily,48.66,4335,4367,1.007382,418,9.571788,0.116411,11.142661,420,24,0.05714286,2.0275
2026-06-25,2026-06-25,"Target Evergreen Campaign",active,50,Daily,47.92,20365,20526,1.007906,15,0.073078,3.194667,2.3346,1,0,0,
2026-06-25,2026-06-25,"Whole Foods Evergreen Campaign",active,50,Daily,72,45127,45657,1.011745,34,0.074468,2.117647,1.576976,1,0,0,
2026-06-25,2026-06-25,"Target Promo",inactive,50,Daily,36.97,14991,15744,1.05023,7,0.044461,5.281429,2.348196,0,0,,
2026-06-25,2026-06-25,"Audience Test (Parents + Cooking)",active,50,Daily,43.45,16936,17004,1.004015,18,0.105857,2.413889,2.555281,4,0,0,
2026-06-25,2026-06-25,"Existing Posts",active,50,Daily,42.85,2394,2500,1.044277,111,4.44,0.386036,17.14,88,35,0.39772727,1.22428571
2026-06-24,2026-06-24,"Joe Audience Test",active,50,Daily,55.17,3313,3411,1.02958,306,8.970976,0.180294,16.174142,302,26,0.08609272,2.12192308
2026-06-24,2026-06-24,"Target Evergreen Campaign",active,50,Daily,60.85,20274,20574,1.014797,12,0.058326,5.070833,2.957616,0,0,,
2026-06-24,2026-06-24,"Whole Foods Evergreen Campaign",active,50,Daily,56.58,18633,18842,1.011217,8,0.042458,7.0725,3.002866,0,0,,
2026-06-24,2026-06-24,"Target Promo",inactive,50,Daily,84.15,27522,29077,1.0565,14,0.048148,6.010714,2.89404,0,0,,
2026-06-24,2026-06-24,"Audience Test (Parents + Cooking)",active,50,Daily,46.58,18218,19295,1.059117,24,0.124385,1.940833,2.414097,4,0,0,
2026-06-24,2026-06-24,"Existing Posts",active,50,Daily,51.42,2760,2907,1.053261,140,4.815961,0.367286,17.688338,110,44,0.4,1.16863636
2026-06-23,2026-06-23,"Joe Audience Test",active,50,Daily,54.37,2628,2806,1.067732,176,6.272274,0.30892,19.376336,167,46,0.2754491,1.18195652
2026-06-23,2026-06-23,"[Parents + Cooking] Creative Test",inactive,50,Daily,0.07,26,26,1,,,,2.692308,0,0,,
2026-06-23,2026-06-23,"Target Evergreen Campaign",active,50,Daily,70.09,24524,24524,1,28,0.114174,2.503214,2.858017,1,0,0,
2026-06-23,2026-06-23,"Whole Foods Evergreen Campaign",active,50,Daily,66.95,23828,24116,1.012087,13,0.053906,5.15,2.776165,0,0,,
2026-06-23,2026-06-23,"Target Promo",inactive,50,Daily,94,24657,26436,1.07215,61,0.230746,1.540984,3.555757,1,0,0,
2026-06-23,2026-06-23,"Audience Test (Parents + Cooking)",active,50,Daily,44,14772,15699,1.062754,5,0.031849,8.8,2.802726,1,0,0,
2026-06-23,2026-06-23,"Existing Posts",active,50,Daily,53.11,2239,2265,1.011612,140,6.181015,0.379357,23.448124,132,36,0.27272727,1.47527778
2026-06-22,2026-06-22,"Joe Audience Test",active,50,Daily,0.12,6,6,1,,,,20,0,0,,
2026-06-22,2026-06-22,"[Parents + Cooking] Creative Test",inactive,50,Daily,48.17,16545,17566,1.06171,11,0.062621,4.379091,2.742229,3,0,0,
2026-06-22,2026-06-22,"Target Evergreen Campaign",active,50,Daily,65,23701,23701,1,20,0.084385,3.25,2.7425,1,0,0,
2026-06-22,2026-06-22,"Whole Foods Evergreen Campaign",active,50,Daily,65.61,26305,26999,1.026383,32,0.118523,2.050313,2.43009,0,0,,
2026-06-22,2026-06-22,"Audience Test (Parents + Cooking)",active,50,Daily,45.97,15562,16586,1.065801,15,0.090438,3.064667,2.771615,8,0,0,
2026-06-22,2026-06-22,"Existing Posts",active,50,Daily,77.26,4347,4446,1.022774,242,5.443095,0.319256,17.377418,221,61,0.2760181,1.26655738
2026-06-21,2026-06-21,"[Parents + Cooking] Creative Test",inactive,50,Daily,56.39,19594,20431,1.042717,18,0.088101,3.132778,2.760022,2,0,0,
2026-06-21,2026-06-21,"Target Evergreen Campaign",active,50,Daily,67.26,25047,26538,1.059528,15,0.056523,4.484,2.534479,0,0,,
2026-06-21,2026-06-21,"Whole Foods Evergreen Campaign",active,50,Daily,54.09,17852,18789,1.052487,7,0.037256,7.727143,2.878812,0,0,,
2026-06-21,2026-06-21,"Audience Test (Parents + Cooking)",active,50,Daily,73,35151,35840,1.019601,56,0.15625,1.303571,2.03683,16,0,0,
2026-06-21,2026-06-21,"Existing Posts",active,50,Daily,84.35,4883,5054,1.035019,331,6.549268,0.254834,16.689751,292,83,0.28424658,1.01626506
2026-06-20,2026-06-20,"[Parents + Cooking] Creative Test",inactive,50,Daily,39.04,13140,13299,1.0121,11,0.082713,3.549091,2.935559,2,0,0,
2026-06-20,2026-06-20,"Target Evergreen Campaign",active,50,Daily,45.96,18825,19713,1.047171,20,0.101456,2.298,2.331456,0,0,,
2026-06-20,2026-06-20,"Whole Foods Evergreen Campaign",active,50,Daily,33.76,11704,12469,1.065362,6,0.048119,5.626667,2.707515,0,0,,
2026-06-20,2026-06-20,"Audience Test (Parents + Cooking)",active,50,Daily,49.97,18289,18705,1.022746,22,0.117616,2.271364,2.671478,5,0,0,
2026-06-20,2026-06-20,"Existing Posts",active,50,Daily,69.71,3511,3606,1.027058,209,5.795896,0.333541,19.331669,188,52,0.27659574,1.34057692
2026-06-19,2026-06-19,"[Parents + Cooking] Creative Test",inactive,50,Daily,34.23,11322,11898,1.050874,6,0.050429,5.705,2.876954,2,0,0,
2026-06-19,2026-06-19,"Target Evergreen Campaign",active,50,Daily,52.66,18214,19390,1.064566,12,0.061888,4.388333,2.715833,0,0,,
2026-06-19,2026-06-19,"Whole Foods Evergreen Campaign",active,50,Daily,47.08,15629,16644,1.064943,6,0.036049,7.846667,2.828647,0,0,,
2026-06-19,2026-06-19,"Audience Test (Parents + Cooking)",active,50,Daily,46.45,18581,18615,1.00183,18,0.096696,2.580556,2.495299,5,0,0,
2026-06-19,2026-06-19,"Existing Posts",active,50,Daily,61.77,3342,3369,1.008079,220,6.530128,0.280773,18.334817,207,46,0.22222222,1.34282609
2026-06-18,2026-06-18,"[Parents + Cooking] Creative Test",inactive,50,Daily,62.73,31074,31312,1.007659,42,0.134134,1.493571,2.003385,5,0,0,
2026-06-18,2026-06-18,"Target Evergreen Campaign",active,50,Daily,76.85,28798,29422,1.021668,18,0.061179,4.269444,2.611991,0,0,,
2026-06-18,2026-06-18,"Whole Foods Evergreen Campaign",active,50,Daily,55.88,29149,29605,1.015644,36,0.121601,1.552222,1.887519,0,0,,
2026-06-18,2026-06-18,"Audience Test (Parents + Cooking)",active,50,Daily,43.04,16549,17114,1.034141,13,0.075961,3.310769,2.5149,3,0,0,
2026-06-18,2026-06-18,"Existing Posts",active,50,Daily,70.2,4265,4265,1,317,7.432591,0.221451,16.459555,309,71,0.22977346,0.98873239
2026-06-17,2026-06-17,"[Parents + Cooking] Creative Test",inactive,50,Daily,40.67,15571,16564,1.063772,13,0.078483,3.128462,2.455325,4,0,0,
2026-06-17,2026-06-17,"Target Evergreen Campaign",active,50,Daily,53.15,21815,23330,1.069448,15,0.064295,3.543333,2.278183,0,0,,
2026-06-17,2026-06-17,"Whole Foods Evergreen Campaign",active,50,Daily,41.59,17693,18175,1.027242,15,0.082531,2.772667,2.288308,0,0,,
2026-06-17,2026-06-17,"Audience Test (Parents + Cooking)",active,50,Daily,37.69,14968,16065,1.07329,11,0.068472,3.426364,2.346094,2,0,0,
2026-06-17,2026-06-17,"Existing Posts",active,50,Daily,88.33,5536,5735,1.035947,376,6.556234,0.23492,15.401918,352,78,0.22159091,1.1324359
2026-06-16,2026-06-16,"[Parents + Cooking] Creative Test",inactive,50,Daily,73.7,41412,41412,1,62,0.149715,1.18871,1.779677,15,0,0,
2026-06-16,2026-06-16,"Target Evergreen Campaign",active,50,Daily,55.87,24557,25598,1.042391,23,0.089851,2.42913,2.182592,0,0,,
2026-06-16,2026-06-16,"Whole Foods Evergreen Campaign",active,50,Daily,41.96,17164,18189,1.059718,11,0.060476,3.814545,2.306889,0,0,,
2026-06-16,2026-06-16,"Audience Test (Parents + Cooking)",active,50,Daily,69.91,41061,42032,1.023648,70,0.16654,0.998714,1.663257,11,0,0,
2026-06-16,2026-06-16,"Existing Posts",active,50,Daily,43.92,2715,2834,1.043831,154,5.434016,0.285195,15.49753,137,37,0.27007299,1.18702703
2026-06-15,2026-06-15,"[Parents + Cooking] Creative Test",inactive,50,Daily,48.38,19055,19964,1.047704,13,0.065117,3.721538,2.423362,2,0,0,
2026-06-15,2026-06-15,"Target Evergreen Campaign",active,50,Daily,52.87,23300,23670,1.01588,15,0.063371,3.524667,2.233629,0,0,,
2026-06-15,2026-06-15,"Whole Foods Evergreen Campaign",active,50,Daily,38.04,15942,15956,1.000878,6,0.037603,6.34,2.384056,0,0,,
2026-06-15,2026-06-15,"Audience Test (Parents + Cooking)",active,50,Daily,51.77,23225,23225,1,27,0.116254,1.917407,2.229064,6,0,0,
2026-06-15,2026-06-15,"Existing Posts",active,50,Daily,74.54,4821,5161,1.070525,210,4.068979,0.354952,14.442937,188,52,0.27659574,1.43346154
2026-06-14,2026-06-14,"[Parents + Cooking] Creative Test",inactive,50,Daily,51.23,25539,25914,1.014683,34,0.131203,1.506765,1.976924,8,0,0,
2026-06-14,2026-06-14,"Target Evergreen Campaign",active,50,Daily,55.4,25704,26034,1.012838,19,0.072981,2.915789,2.127986,2,0,0,
2026-06-14,2026-06-14,"Whole Foods Evergreen Campaign",active,50,Daily,48.3,19744,20495,1.038037,19,0.092706,2.542105,2.356672,0,0,,
2026-06-14,2026-06-14,"Audience Test (Parents + Cooking)",active,50,Daily,51.16,25999,26311,1.012,39,0.148227,1.311795,1.944434,3,0,0,
2026-06-14,2026-06-14,"Existing Posts",active,50,Daily,81.51,5247,5575,1.062512,222,3.982063,0.367162,14.620628,192,75,0.390625,1.0868
2026-06-13,2026-06-13,"[Parents + Cooking] Creative Test",inactive,50,Daily,42.62,20800,21263,1.02226,28,0.131684,1.522143,2.004421,4,0,0,
2026-06-13,2026-06-13,"Target Evergreen Campaign",active,50,Daily,63.71,43588,43853,1.00608,78,0.177867,0.816795,1.452808,0,0,,
2026-06-13,2026-06-13,"Whole Foods Evergreen Campaign",active,50,Daily,35.6,15052,15274,1.014749,11,0.072018,3.236364,2.330758,0,0,,
2026-06-13,2026-06-13,"Audience Test (Parents + Cooking)",active,50,Daily,40.77,16589,17245,1.039544,15,0.086982,2.718,2.364164,8,0,0,
2026-06-13,2026-06-13,"Existing Posts",active,50,Daily,59.32,3609,3771,1.044888,153,4.057279,0.387712,15.730575,124,45,0.36290323,1.31822222
2026-06-12,2026-06-12,"[Parents + Cooking] Creative Test",inactive,50,Daily,50.66,19463,20056,1.030468,10,0.04986,5.066,2.525927,2,0,0,
2026-06-12,2026-06-12,"Target Evergreen Campaign",active,50,Daily,50.22,21922,21925,1.000137,10,0.04561,5.022,2.290536,0,0,,
2026-06-12,2026-06-12,"Whole Foods Evergreen Campaign",active,50,Daily,46.23,19087,20222,1.059465,13,0.064286,3.556154,2.286124,0,0,,
2026-06-12,2026-06-12,"Audience Test (Parents + Cooking)",active,50,Daily,43.34,15798,16607,1.051209,9,0.054194,4.815556,2.609743,3,0,0,
2026-06-12,2026-06-12,"Existing Posts",active,50,Daily,72.28,4747,4952,1.043185,170,3.432956,0.425176,14.596123,136,53,0.38970588,1.36377358
2026-06-11,2026-06-11,"[Parents + Cooking] Creative Test",inactive,50,Daily,42.26,16800,18326,1.090833,10,0.054567,4.226,2.306013,3,0,0,
2026-06-11,2026-06-11,"Target Evergreen Campaign",active,50,Daily,45.11,23410,23670,1.011106,23,0.097169,1.961304,1.905788,0,0,,
2026-06-11,2026-06-11,"Whole Foods Evergreen Campaign",active,50,Daily,42.48,17909,18084,1.009772,15,0.082946,2.832,2.349038,0,0,,
2026-06-11,2026-06-11,"Audience Test (Parents + Cooking)",active,50,Daily,35.73,15219,15606,1.025429,11,0.070486,3.248182,2.289504,1,0,0,
2026-06-11,2026-06-11,"Existing Posts",active,50,Daily,97.03,6526,6830,1.046583,245,3.587116,0.396041,14.206442,205,66,0.32195122,1.47015152
2026-06-10,2026-06-10,"[Parents + Cooking] Creative Test",inactive,50,Daily,40.32,20407,20546,1.006811,32,0.155748,1.26,1.962426,4,0,0,
2026-06-10,2026-06-10,"Target Evergreen Campaign",active,50,Daily,43.83,23055,24284,1.053307,20,0.082359,2.1915,1.804892,0,0,,
2026-06-10,2026-06-10,"Whole Foods Evergreen Campaign",active,50,Daily,44.08,24438,24501,1.002578,34,0.13877,1.296471,1.79911,0,0,,
2026-06-10,2026-06-10,"Audience Test (Parents + Cooking)",active,50,Daily,72.09,44066,44066,1,75,0.170199,0.9612,1.635955,17,0,0,
2026-06-10,2026-06-10,"Existing Posts",active,50,Daily,83.39,5120,5612,1.096094,184,3.278689,0.453207,14.85923,147,35,0.23809524,2.38257143
2026-06-09,2026-06-09,"[Parents + Cooking] Creative Test",inactive,50,Daily,39.89,18755,19331,1.030712,20,0.103461,1.9945,2.063525,4,0,0,
2026-06-09,2026-06-09,"Target Evergreen Campaign",active,50,Daily,62.35,40320,40320,1,46,0.114087,1.355435,1.546379,0,0,,
2026-06-09,2026-06-09,"Whole Foods Evergreen Campaign",active,50,Daily,42.71,18314,20289,1.107841,10,0.049288,4.271,2.105082,1,0,0,
2026-06-09,2026-06-09,"Audience Test (Parents + Cooking)",active,50,Daily,44.35,18712,20203,1.079681,7,0.034648,6.335714,2.195219,0,0,,
2026-06-09,2026-06-09,"Existing Posts",active,50,Daily,34.43,2222,2222,1,132,5.940594,0.260833,15.49505,122,27,0.22131148,1.27518519
2026-06-08,2026-06-08,"[Parents + Cooking] Creative Test",inactive,50,Daily,84.76,61462,61581,1.001936,99,0.160764,0.856162,1.376399,24,0,0,
2026-06-08,2026-06-08,"Target Evergreen Campaign",active,50,Daily,41.2,21449,21700,1.011702,28,0.129032,1.471429,1.898618,12,0,0,
2026-06-08,2026-06-08,"Whole Foods Evergreen Campaign",active,50,Daily,36.78,24385,24385,1,16,0.065614,2.29875,1.508304,3,0,0,
2026-06-08,2026-06-08,"Audience Test (Parents + Cooking)",active,50,Daily,64.73,39592,39592,1,67,0.169226,0.966119,1.634926,15,0,0,
2026-06-08,2026-06-08,"Existing Posts",active,50,Daily,66.39,5126,5370,1.0476,368,6.852886,0.180408,12.363128,348,63,0.18103448,1.05380952
2026-06-07,2026-06-07,"[Parents + Cooking] Creative Test",inactive,50,Daily,49.45,25372,25372,1,15,0.05912,3.296667,1.948999,5,0,0,
2026-06-07,2026-06-07,"Target Evergreen Campaign",active,50,Daily,56.44,28696,28696,1,22,0.076666,2.565455,1.966825,3,1,0.33333333,56.44
2026-06-07,2026-06-07,"Whole Foods Evergreen Campaign",active,50,Daily,85.06,97497,97497,1,93,0.095388,0.914624,0.872437,12,0,0,
2026-06-07,2026-06-07,"Audience Test (Parents + Cooking)",active,50,Daily,48.98,23868,24354,1.020362,18,0.07391,2.721111,2.011169,3,0,0,
2026-06-07,2026-06-07,"Existing Posts",active,50,Daily,76.33,6272,6454,1.029018,377,5.841339,0.202467,11.826774,366,85,0.23224044,0.898
2026-06-06,2026-06-06,"[Parents + Cooking] Creative Test",inactive,50,Daily,59.17,32701,32701,1,19,0.058102,3.114211,1.809425,3,0,0,
2026-06-06,2026-06-06,"Target Evergreen Campaign",active,50,Daily,21.4,11565,11565,1,2,0.017294,10.7,1.850411,1,0,0,
2026-06-06,2026-06-06,"Whole Foods Evergreen Campaign",active,50,Daily,4.42,4118,4311,1.046867,8,0.185572,0.5525,1.025284,0,0,,
2026-06-06,2026-06-06,"Audience Test (Parents + Cooking)",active,50,Daily,54.75,29842,29955,1.003787,15,0.050075,3.65,1.827742,8,0,0,
2026-06-06,2026-06-06,"Existing Posts",active,50,Daily,56.1,4377,4377,1,303,6.92255,0.185149,12.816998,302,65,0.21523179,0.86307692
2026-06-05,2026-06-05,"[Parents + Cooking] Creative Test",inactive,50,Daily,55.39,26379,27566,1.044998,27,0.097947,2.051481,2.009359,3,0,0,
2026-06-05,2026-06-05,"Target Evergreen Campaign",active,50,Daily,27.89,13702,14429,1.053058,11,0.076235,2.535455,1.932913,2,0,0,
2026-06-05,2026-06-05,"Whole Foods Evergreen Campaign",active,50,Daily,13.99,10757,10757,1,12,0.111555,1.165833,1.300548,3,0,0,
2026-06-05,2026-06-05,"Audience Test (Parents + Cooking)",active,50,Daily,49.76,23315,24185,1.037315,23,0.0951,2.163478,2.057474,1,0,0,
2026-06-05,2026-06-05,"Existing Posts",active,50,Daily,78.34,5229,5723,1.094473,257,4.490652,0.304825,13.688625,219,59,0.26940639,1.32779661
2026-06-04,2026-06-04,"[Parents + Cooking] Creative Test",inactive,50,Daily,52.67,23027,24540,1.065705,13,0.052975,4.051538,2.146292,3,0,0,
2026-06-04,2026-06-04,"Target Evergreen Campaign",active,50,Daily,43.37,22930,22930,1,35,0.152638,1.239143,1.891409,4,0,0,
2026-06-04,2026-06-04,"Whole Foods Evergreen Campaign",active,50,Daily,34.05,20104,20926,1.040887,20,0.095575,1.7025,1.627162,3,0,0,
2026-06-04,2026-06-04,"Audience Test (Parents + Cooking)",active,50,Daily,49.23,20670,22117,1.070005,11,0.049736,4.475455,2.22589,4,0,0,
2026-06-04,2026-06-04,"Existing Posts",active,50,Daily,79.25,4738,4772,1.007176,268,5.616094,0.295709,16.607293,262,37,0.14122137,2.14189189
2026-06-03,2026-06-03,"[Parents + Cooking] Creative Test",inactive,50,Daily,41.37,19122,20571,1.075777,12,0.058335,3.4475,2.011084,4,0,0,
2026-06-03,2026-06-03,"Target Evergreen Campaign",active,50,Daily,65.78,31514,33033,1.048201,39,0.118064,1.686667,1.991342,4,0,0,
2026-06-03,2026-06-03,"Whole Foods Evergreen Campaign",active,50,Daily,54.01,24762,26235,1.059486,19,0.072422,2.842632,2.0587,2,0,0,
2026-06-03,2026-06-03,"Audience Test (Parents + Cooking)",active,50,Daily,48.25,22745,22745,1,17,0.074742,2.838235,2.121345,0,0,,
2026-06-03,2026-06-03,"Existing Posts",active,50,Daily,78.93,3350,3530,1.053731,190,5.382436,0.415421,22.359773,174,39,0.22413793,2.02384615
2026-06-02,2026-06-02,"[Parents + Cooking] Creative Test",inactive,50,Daily,42.63,25932,26867,1.036056,38,0.141437,1.121842,1.586705,6,0,0,
2026-06-02,2026-06-02,"Target Evergreen Campaign",active,50,Daily,105,111205,113033,1.016438,279,0.246831,0.376344,0.928932,18,0,0,
2026-06-02,2026-06-02,"Whole Foods Evergreen Campaign",active,50,Daily,105,112911,116821,1.034629,259,0.221707,0.405405,0.898811,25,0,0,
2026-06-02,2026-06-02,"Audience Test (Parents + Cooking)",active,50,Daily,54.15,24019,25496,1.061493,22,0.086288,2.461364,2.123863,4,0,0,
2026-06-02,2026-06-02,"May Target Launch",inactive,50,Daily,5.22,2958,2960,1.000676,1,0.033784,5.22,1.763514,0,0,,
2026-06-02,2026-06-02,"Existing Posts",active,50,Daily,52.74,2651,2863,1.07997,164,5.728257,0.321585,18.421236,133,20,0.15037594,2.637
2026-06-01,2026-06-01,"[Parents + Cooking] Creative Test",inactive,50,Daily,13.17,10565,10804,1.022622,11,0.101814,1.197273,1.218993,0,0,,
2026-06-01,2026-06-01,"Target Evergreen Campaign",active,50,Daily,52.15,42311,42311,1,107,0.252889,0.487383,1.23254,34,0,0,
2026-06-01,2026-06-01,"Whole Foods Evergreen Campaign",active,50,Daily,105,106061,108007,1.018348,231,0.213875,0.454545,0.972159,13,0,0,
2026-06-01,2026-06-01,"Audience Test (Parents + Cooking)",active,50,Daily,46.13,21049,22876,1.086797,7,0.0306,6.59,2.016524,2,0,0,
2026-06-01,2026-06-01,"May Target Launch",inactive,50,Daily,32.03,18433,19006,1.031086,25,0.131537,1.2812,1.685257,0,0,,
2026-06-01,2026-06-01,"Existing Posts",active,50,Daily,60.33,4325,4467,1.032832,213,4.768301,0.283239,13.505709,192,45,0.234375,1.34066667
